id,date,user,pc,filename,content
{15BD032D03084E178618233A},06/15/2026 11:34:46,NGF0157,PC-6056,Projects/spec.md,normal file access
{C9075298A97F4EB59085B52F},06/15/2026 15:17:59,NGF0157,PC-6056,Projects/spec.md,normal file access
{AC442D1FFA834586837D3266},06/15/2026 09:14:52,NGF0157,PC-6056,Documents/report_15.docx,normal file access
{3C8F9703FF9A478EA0798141},06/15/2026 15:17:04,NGF0157,PC-6056,Projects/spec.md,normal file access
{19D6E18255FD4935A1E23A84},06/15/2026 14:13:41,NGF0157,PC-6056,Notes/notes_15.txt,normal file access
{4EB6A27735BE402193F6126F},06/15/2026 16:09:16,NGF0157,PC-6056,Projects/spec.md,normal file access
{5BA4C7CF1575423AA789EE09},06/15/2026 17:15:50,LRR0148,PC-4275,Notes/notes_15.txt,normal file access
{8F5A60FE351C4942B73B3419},06/15/2026 11:06:06,LRR0148,PC-4275,Notes/notes_15.txt,normal file access
{37C7CA37D81440F4BB8ED016},06/15/2026 16:29:55,LRR0148,PC-4275,Documents/report_15.docx,normal file access
{45542D177D9F4DD5BD08AED7},06/15/2026 10:03:25,LRR0148,PC-4275,Downloads/photo_15.jpg,normal file access
{DF4FC456560E4CE7A544A0AC},06/15/2026 10:15:12,LRR0148,PC-4275,Projects/spec.md,normal file access
{3859B1A5F9114B0BB869F708},06/15/2026 10:27:11,LRR0148,PC-4275,Downloads/photo_15.jpg,normal file access
{7F6D1CD758B74EFC81C49042},06/15/2026 16:53:17,MOH0273,PC-6699,Documents/report_15.docx,normal file access
{A4B8E416C6A04FA5B4765A25},06/15/2026 04:40:16,MOH0273,PC-6699,Projects/spec.md,normal file access
{AE695AF4EB6E4247B90C3542},06/15/2026 16:35:00,MOH0273,PC-6699,Documents/report_15.docx,normal file access
{89CCDED46BD64C4A9CC3C2CC},06/15/2026 10:34:02,MOH0273,PC-6699,Downloads/photo_15.jpg,normal file access
{C22728AF4A4D45FBA8122F5B},06/15/2026 10:27:08,MOH0273,PC-6699,Documents/report_15.docx,normal file access
{13A734686A634998B91FD68E},06/15/2026 09:57:22,MOH0273,PC-6699,Projects/spec.md,normal file access
{D004A0E4D7154A7BAA0CAB24},06/15/2026 12:43:19,LAP0338,PC-5758,Projects/spec.md,normal file access
{73E96AFE20A84C458CDD8615},06/15/2026 10:01:02,LAP0338,PC-5758,Projects/spec.md,normal file access
{1993D47711FF4130903FDBEA},06/15/2026 09:29:26,LAP0338,PC-5758,Projects/spec.md,normal file access
{F5F7E800E92E47618ACFE35A},06/15/2026 15:31:25,LAP0338,PC-5758,Projects/spec.md,normal file access
{2D046EE3143B4912BE58250F},06/15/2026 08:57:48,LAP0338,PC-5758,Documents/report_15.docx,normal file access
{18B68DF94268469E90EAA3B6},06/15/2026 12:11:51,LAP0338,PC-5758,Notes/notes_15.txt,normal file access
{A465C893564F4F639B725C62},06/15/2026 10:36:13,BTR0002,PC-6056,Notes/notes_15.txt,normal file access
{6B04B9CF0AFA490CA0B3A76D},06/15/2026 15:10:38,BTR0002,PC-6056,Documents/report_15.docx,normal file access
{64F8D504A5F442828508084E},06/15/2026 11:19:06,BTR0002,PC-6056,Documents/report_15.docx,normal file access
{96E4EE19F64E4A009543DB8A},06/15/2026 15:25:45,BTR0002,PC-6056,Projects/spec.md,normal file access
{84AB4B8D90034AD0A53BE6D1},06/15/2026 12:06:44,BTR0002,PC-6056,Downloads/photo_15.jpg,normal file access
{3F15D025EB004B93AA262A24},06/15/2026 10:50:36,BTR0002,PC-6056,Documents/report_15.docx,normal file access
{E5E66D3828514576B1E9F140},06/15/2026 08:36:18,ACM0001,PC-4275,Notes/notes_15.txt,normal file access
{BB3EBD254A52409EB4F4E4BA},06/15/2026 14:11:03,ACM0001,PC-4275,Downloads/photo_15.jpg,normal file access
{FC3E8F0380B545D4AA198859},06/15/2026 17:07:52,ACM0001,PC-4275,Documents/report_15.docx,normal file access
{9F5DD484346348F38385C5B4},06/15/2026 09:36:40,ACM0001,PC-4275,Documents/report_15.docx,normal file access
{855D886923004366B5C2692A},06/15/2026 14:05:15,ACM0001,PC-4275,Documents/report_15.docx,normal file access
{92B3E78852FE49C0840B38DD},06/15/2026 16:38:38,ACM0001,PC-4275,Projects/spec.md,normal file access
{A37AE4C17CD140D7B797336D},06/15/2026 09:12:33,CNL0003,PC-5758,Downloads/photo_15.jpg,normal file access
{0EC0B457EF0E40C9A545472A},06/15/2026 17:40:28,CNL0003,PC-5758,Documents/report_15.docx,normal file access
{8A6E7CAE96A84E8FBB5CDC8B},06/15/2026 10:59:18,CNL0003,PC-5758,Notes/notes_15.txt,normal file access
{996B187A15014E73BCBA28D6},06/15/2026 17:07:01,CNL0003,PC-5758,Projects/spec.md,normal file access
{9E133B47BC3C45309FE19083},06/15/2026 14:35:00,CNL0003,PC-5758,Notes/notes_15.txt,normal file access
{FB0133D0D85E4B389FDF2BAA},06/15/2026 10:29:07,CNL0003,PC-5758,Projects/spec.md,normal file access
{C0C61C514D9B43118AEC8CF8},06/15/2026 11:10:11,ADM0099,PC-7811,Documents/report_15.docx,normal file access
{7CF974839AE9444782491C0E},06/15/2026 15:39:43,ADM0099,PC-7811,Projects/spec.md,normal file access
{5F8559B63C634F51ADC2F3F9},06/15/2026 10:14:29,ADM0099,PC-7811,Downloads/photo_15.jpg,normal file access
{3761E4555BF0448F84D46A0B},06/15/2026 08:57:51,ADM0099,PC-7811,Notes/notes_15.txt,normal file access
{6CBDA75A47414B72B8E6A436},06/15/2026 11:04:28,ADM0099,PC-7811,Downloads/photo_15.jpg,normal file access
{60EEA498D3084F5C814E2332},06/15/2026 14:40:27,ADM0099,PC-7811,Downloads/photo_15.jpg,normal file access
{3B04EBD3B35649B3B4DD5513},06/16/2026 10:53:31,NGF0157,PC-6056,Notes/notes_16.txt,normal file access
{175DE91AF4694BB1AB36908D},06/16/2026 13:02:44,NGF0157,PC-6056,Downloads/photo_16.jpg,normal file access
{5EB5A5EFDE334F78B4E2BB41},06/16/2026 16:15:54,NGF0157,PC-6056,Downloads/photo_16.jpg,normal file access
{8499BAA519C941D2B08EEFEF},06/16/2026 15:34:57,NGF0157,PC-6056,Downloads/photo_16.jpg,normal file access
{6F50A02BE6874267AB741C05},06/16/2026 13:12:07,NGF0157,PC-6056,Notes/notes_16.txt,normal file access
{1A80C4FAB03944459EAD3218},06/16/2026 11:41:40,NGF0157,PC-6056,Documents/report_16.docx,normal file access
{3A17830932EB49BEA6FCB78E},06/16/2026 09:18:38,LRR0148,PC-4275,Downloads/photo_16.jpg,normal file access
{E6ACBC81FCC14902A2177E21},06/16/2026 11:09:42,LRR0148,PC-4275,Notes/notes_16.txt,normal file access
{6C6A1C7AAD2247C8A109FB48},06/16/2026 10:22:54,LRR0148,PC-4275,Downloads/photo_16.jpg,normal file access
{81B8CFDF00C143CDBF7AA375},06/16/2026 13:36:14,LRR0148,PC-4275,Notes/notes_16.txt,normal file access
{0D61AB716CD940C7A0C7E25D},06/16/2026 08:38:59,LRR0148,PC-4275,Downloads/photo_16.jpg,normal file access
{E1DCFCF953AA4817985982CD},06/16/2026 08:44:48,LRR0148,PC-4275,Downloads/photo_16.jpg,normal file access
{CD584BD5F29346ECA2E5A4A6},06/16/2026 16:43:59,MOH0273,PC-6699,Downloads/photo_16.jpg,normal file access
{F981A4E1E2F245DFA07B515D},06/16/2026 14:09:28,MOH0273,PC-6699,Documents/report_16.docx,normal file access
{F073E66DD8604B5D92D1C42C},06/16/2026 14:50:17,MOH0273,PC-6699,Documents/report_16.docx,normal file access
{E29D34062C0D4B48809F4A03},06/16/2026 09:19:29,MOH0273,PC-6699,Notes/notes_16.txt,normal file access
{728E670F2AF14203B9EF07C9},06/16/2026 11:53:18,MOH0273,PC-6699,Documents/report_16.docx,normal file access
{D567AC2288C043A8BA353A39},06/16/2026 09:39:38,MOH0273,PC-6699,Notes/notes_16.txt,normal file access
{68172B4F3D15457A829FCB94},06/16/2026 16:10:52,LAP0338,PC-5758,Projects/spec.md,normal file access
{84CCE692B4D049C4BF90889B},06/16/2026 10:55:16,LAP0338,PC-5758,Documents/report_16.docx,normal file access
{E9C9319D4F3C4892AE5A9071},06/16/2026 15:35:59,LAP0338,PC-5758,Documents/report_16.docx,normal file access
{4580DC459A7B49CAA500A415},06/16/2026 10:18:05,LAP0338,PC-5758,Projects/spec.md,normal file access
{F2DA25442934404F873A119E},06/16/2026 10:53:27,LAP0338,PC-5758,Documents/report_16.docx,normal file access
{E0B8325FD3494E189FBF0DA1},06/16/2026 12:52:28,LAP0338,PC-5758,Downloads/photo_16.jpg,normal file access
{9998525239D545E38C7BC086},06/16/2026 13:51:05,BTR0002,PC-6056,Notes/notes_16.txt,normal file access
{D601328498A94F4399432DEA},06/16/2026 11:34:18,BTR0002,PC-6056,Downloads/photo_16.jpg,normal file access
{FEEC8DF971E5401DB9EF74AF},06/16/2026 14:42:18,BTR0002,PC-6056,Downloads/photo_16.jpg,normal file access
{2ACDB713E72F4FE0872F4BCC},06/16/2026 16:10:44,BTR0002,PC-6056,Notes/notes_16.txt,normal file access
{47088F45F69F48B380DD41A4},06/16/2026 09:46:55,BTR0002,PC-6056,Downloads/photo_16.jpg,normal file access
{0AA16129306F47DBA4DC5509},06/16/2026 16:17:40,BTR0002,PC-6056,Documents/report_16.docx,normal file access
{D34A6E7870B0459BB61B4977},06/16/2026 11:10:20,ACM0001,PC-4275,Projects/spec.md,normal file access
{7FCBE66C3D674452A3B0C380},06/16/2026 14:54:05,ACM0001,PC-4275,Downloads/photo_16.jpg,normal file access
{1959F3559B3B4131A16FB2E0},06/16/2026 13:08:40,ACM0001,PC-4275,Downloads/photo_16.jpg,normal file access
{08408A3C32794C3D97083D7B},06/16/2026 09:32:41,ACM0001,PC-4275,Projects/spec.md,normal file access
{7B53DD8A4C53470B8137909E},06/16/2026 10:10:42,ACM0001,PC-4275,Downloads/photo_16.jpg,normal file access
{85CAFE203B834D099C8B4738},06/16/2026 09:52:55,ACM0001,PC-4275,Documents/report_16.docx,normal file access
{F21EB054B6A34B0FAC4B9179},06/16/2026 10:38:57,CNL0003,PC-5758,Projects/spec.md,normal file access
{B3FC2834BA7A4DB7B9E5AABB},06/16/2026 14:10:25,CNL0003,PC-5758,Downloads/photo_16.jpg,normal file access
{FCF452CBB9D84C97B030C8EB},06/16/2026 17:45:36,CNL0003,PC-5758,Downloads/photo_16.jpg,normal file access
{EE012B3EDE224E0C93B55A3E},06/16/2026 08:23:21,CNL0003,PC-5758,Documents/report_16.docx,normal file access
{4144F5ADC9724F519A6CCBBB},06/16/2026 14:50:57,CNL0003,PC-5758,Documents/report_16.docx,normal file access
{5510CE7574AB44069A7F84DE},06/16/2026 13:41:50,CNL0003,PC-5758,Projects/spec.md,normal file access
{A858DF9CE821410598C82309},06/16/2026 09:41:36,ADM0099,PC-7811,Projects/spec.md,normal file access
{6E8E7D7C5DD64F08B010BD28},06/16/2026 09:58:58,ADM0099,PC-7811,Projects/spec.md,normal file access
{F452517080DB43A7A52BC2D4},06/16/2026 11:59:58,ADM0099,PC-7811,Documents/report_16.docx,normal file access
{7BAAFA3EDE1F449A93A43A1A},06/16/2026 15:50:31,ADM0099,PC-7811,Projects/spec.md,normal file access
{A303EFBF2A56414F80E0F049},06/16/2026 14:56:02,ADM0099,PC-7811,Documents/report_16.docx,normal file access
{ABAB24997770485FA4A37236},06/16/2026 10:59:21,ADM0099,PC-7811,Downloads/photo_16.jpg,normal file access
{A3E944D0CA2F4649A1631FD9},06/17/2026 09:02:27,NGF0157,PC-6056,Downloads/photo_17.jpg,normal file access
{8E2E1FD6CE494C7BB836A4CB},06/17/2026 09:59:57,NGF0157,PC-6056,Documents/report_17.docx,normal file access
{697D2E7D81E54CF49D2F8ECD},06/17/2026 17:02:18,NGF0157,PC-6056,Notes/notes_17.txt,normal file access
{9F7AF413D850489598F8020B},06/17/2026 10:49:41,NGF0157,PC-6056,Notes/notes_17.txt,normal file access
{C9595C647BCB443FB04CEB4A},06/17/2026 15:28:55,NGF0157,PC-6056,Notes/notes_17.txt,normal file access
{B6E56DF8D9BB43EB84C72E26},06/17/2026 10:41:55,NGF0157,PC-6056,Downloads/photo_17.jpg,normal file access
{19CCE4A660C840A7855C5BBA},06/17/2026 11:30:13,LRR0148,PC-4275,Downloads/photo_17.jpg,normal file access
{7D02B4BBE8E6477B87FE8A29},06/17/2026 08:13:59,LRR0148,PC-4275,Projects/spec.md,normal file access
{4041064325DA470DBC045B60},06/17/2026 10:47:48,LRR0148,PC-4275,Notes/notes_17.txt,normal file access
{CC138B2E84EB4DA88BA2D3D4},06/17/2026 11:25:58,LRR0148,PC-4275,Projects/spec.md,normal file access
{7380C84AEA814D3EB0DEAB29},06/17/2026 14:24:29,LRR0148,PC-4275,Downloads/photo_17.jpg,normal file access
{001C00210FF64425A5EF5D54},06/17/2026 15:32:56,LRR0148,PC-4275,Notes/notes_17.txt,normal file access
{7A2BD57A67464167BCF95483},06/17/2026 09:59:04,MOH0273,PC-6699,Downloads/photo_17.jpg,normal file access
{C0E697683B374E8189774BD6},06/17/2026 09:11:59,MOH0273,PC-6699,Downloads/photo_17.jpg,normal file access
{0B08A197D7E44414B2EB3493},06/17/2026 06:37:09,MOH0273,PC-6699,Notes/notes_17.txt,normal file access
{365114FD508542928B9E0BD4},06/17/2026 14:10:36,MOH0273,PC-6699,Projects/spec.md,normal file access
{5A901B67AE4F406499CEE8D6},06/17/2026 15:43:57,MOH0273,PC-6699,Downloads/photo_17.jpg,normal file access
{1BAD7C9AA7DF485FAC0D1BB6},06/17/2026 10:50:44,MOH0273,PC-6699,Documents/report_17.docx,normal file access
{C82B58CEDFCD4035AF0A0EF5},06/17/2026 16:28:35,MOH0273,PC-6699,Downloads/payload.exe,executable on removable media
{2E5F1B6BC45A455C925E05C2},06/17/2026 11:43:49,LAP0338,PC-5758,Documents/report_17.docx,normal file access
{893B70F89BDD4B3E82B0DEE7},06/17/2026 16:45:13,LAP0338,PC-5758,Notes/notes_17.txt,normal file access
{AA933E275FE44369998E28FA},06/17/2026 09:52:54,LAP0338,PC-5758,Notes/notes_17.txt,normal file access
{F6BC79E271084F4E8940012C},06/17/2026 10:40:19,LAP0338,PC-5758,Projects/spec.md,normal file access
{1E790ABFA8BC4671AF2A89D5},06/17/2026 10:45:27,LAP0338,PC-5758,Notes/notes_17.txt,normal file access
{B861AFD51AC14DD2ABEA4270},06/17/2026 17:37:25,LAP0338,PC-5758,Notes/notes_17.txt,normal file access
{83191FB5858C474E8A3E47A8},06/17/2026 11:23:44,BTR0002,PC-6056,Projects/spec.md,normal file access
{B729CC87DB454F93AC416B0D},06/17/2026 16:38:08,BTR0002,PC-6056,Notes/notes_17.txt,normal file access
{10CD7302E30B434DB1AA487F},06/17/2026 17:40:34,BTR0002,PC-6056,Projects/spec.md,normal file access
{CC412DDFDFE9453FA868EE55},06/17/2026 17:18:08,BTR0002,PC-6056,Projects/spec.md,normal file access
{350A81DA9A3647838AC3F0D7},06/17/2026 16:39:03,BTR0002,PC-6056,Downloads/photo_17.jpg,normal file access
{D27E938A34754CA19FEC7D85},06/17/2026 17:08:12,BTR0002,PC-6056,Notes/notes_17.txt,normal file access
{C8E3A93DC47C4A9FBF1B687A},06/17/2026 15:13:27,ACM0001,PC-4275,Projects/spec.md,normal file access
{C5FDFF2DBE1D44DC8107D9C7},06/17/2026 14:53:18,ACM0001,PC-4275,Downloads/photo_17.jpg,normal file access
{7643F3CD2A8C4AFAB9EAB4B3},06/17/2026 10:36:54,ACM0001,PC-4275,Notes/notes_17.txt,normal file access
{D5733138B68949EC8649DD1F},06/17/2026 09:02:06,ACM0001,PC-4275,Notes/notes_17.txt,normal file access
{2ED118E7F0EA49EC8C887877},06/17/2026 05:28:29,ACM0001,PC-4275,Documents/report_17.docx,normal file access
{4E1649B0ABF04DBAA04F5206},06/17/2026 16:12:44,ACM0001,PC-4275,Projects/spec.md,normal file access
{A9B90A73D11E4408A64FF754},06/17/2026 02:00:16,CNL0003,PC-5758,Projects/spec.md,normal file access
{6C6034C8F64B44E7B4A1F0B6},06/17/2026 01:50:25,CNL0003,PC-5758,Downloads/photo_17.jpg,normal file access
{CC8594C7E073414794BCFF36},06/17/2026 16:27:44,CNL0003,PC-5758,Notes/notes_17.txt,normal file access
{88FABCD944914401AB79EA34},06/17/2026 10:17:05,CNL0003,PC-5758,Downloads/photo_17.jpg,normal file access
{889C5C30D2334B3FB23A7E15},06/17/2026 11:51:09,CNL0003,PC-5758,Downloads/photo_17.jpg,normal file access
{5C52605B9DE54CD084E643E9},06/17/2026 09:19:44,CNL0003,PC-5758,Notes/notes_17.txt,normal file access
{4F981C2392044B338D11A311},06/17/2026 08:48:42,ADM0099,PC-7811,Notes/notes_17.txt,normal file access
{31152EB2DCC8479F9E820474},06/17/2026 14:06:13,ADM0099,PC-7811,Projects/spec.md,normal file access
{99E0C7467502496D8BD3CA99},06/17/2026 09:09:45,ADM0099,PC-7811,Downloads/photo_17.jpg,normal file access
{0BB6387359554AA0A9A4AACD},06/17/2026 12:57:54,ADM0099,PC-7811,Notes/notes_17.txt,normal file access
{DAA255A9057749E7B29FF4FB},06/17/2026 15:29:47,ADM0099,PC-7811,Documents/report_17.docx,normal file access
{245ADCFCF09F47C3AC9FE169},06/17/2026 10:40:52,ADM0099,PC-7811,Notes/notes_17.txt,normal file access
{32B622815AE0429381B15C38},06/18/2026 14:31:26,NGF0157,PC-6056,Notes/notes_18.txt,normal file access
{93BDFD87F27443A68CAB97BD},06/18/2026 13:24:08,NGF0157,PC-6056,Notes/notes_18.txt,normal file access
{B4123A8F0B01417A8BB13601},06/18/2026 12:40:51,NGF0157,PC-6056,Documents/report_18.docx,normal file access
{A41DD724E9804BF2B168891F},06/18/2026 15:30:34,NGF0157,PC-6056,Notes/notes_18.txt,normal file access
{EDFEF25172F543A78CAB63F2},06/18/2026 14:24:17,NGF0157,PC-6056,Projects/spec.md,normal file access
{557AB10A5D5B4A6AB757CEC7},06/18/2026 19:14:01,NGF0157,PC-6056,Downloads/photo_18.jpg,normal file access
{8CC0A63F80734F649606E66C},06/18/2026 13:13:15,LRR0148,PC-4275,Documents/report_18.docx,normal file access
{712080EB4B3D41BD9397D823},06/18/2026 10:46:00,LRR0148,PC-4275,Documents/report_18.docx,normal file access
{826F9C3B39DA48B699D27997},06/18/2026 16:10:56,LRR0148,PC-4275,Notes/notes_18.txt,normal file access
{5A55A3E89EAB4CD29EF99AC1},06/18/2026 15:22:34,LRR0148,PC-4275,Notes/notes_18.txt,normal file access
{92DCCF5B544049FEBC517A10},06/18/2026 17:50:55,LRR0148,PC-4275,Projects/spec.md,normal file access
{21DF147B49E24DDEA1426505},06/18/2026 09:51:54,LRR0148,PC-4275,Documents/report_18.docx,normal file access
{E9836A21906A412DB597DAA8},06/18/2026 09:05:24,MOH0273,PC-6699,Notes/notes_18.txt,normal file access
{88C3B024E3124626B3CCECB7},06/18/2026 13:33:29,MOH0273,PC-6699,Documents/report_18.docx,normal file access
{E50532DD91024352A558C16A},06/18/2026 16:07:26,MOH0273,PC-6699,Projects/spec.md,normal file access
{8C7EB7F9FFBA439F8529A9BB},06/18/2026 10:59:06,MOH0273,PC-6699,Documents/report_18.docx,normal file access
{24C76F7866ED4386B5CD3EAD},06/18/2026 15:56:26,MOH0273,PC-6699,Downloads/photo_18.jpg,normal file access
{82813C44E1084221ADAC995A},06/18/2026 17:36:38,MOH0273,PC-6699,Notes/notes_18.txt,normal file access
{23F712EA2DF04F8E91AE5F0D},06/18/2026 15:52:03,MOH0273,PC-6699,Documents/confidential_Q3.zip,executable on removable media
{8B7F7351981B4BD89B0B70D8},06/18/2026 15:37:06,LAP0338,PC-5758,Documents/report_18.docx,normal file access
{B33208E32A3A478FA32001D5},06/18/2026 15:35:41,LAP0338,PC-5758,Downloads/photo_18.jpg,normal file access
{21415CFD076047A28FB76AE8},06/18/2026 10:30:04,LAP0338,PC-5758,Downloads/photo_18.jpg,normal file access
{F8500E1F77E6419A8BFD3BCF},06/18/2026 14:55:17,LAP0338,PC-5758,Downloads/photo_18.jpg,normal file access
{F9472CEDFDC346DD99FEDB5C},06/18/2026 14:12:09,LAP0338,PC-5758,Projects/spec.md,normal file access
{AD851E115A3B4A27A8D32481},06/18/2026 15:42:20,LAP0338,PC-5758,Projects/spec.md,normal file access
{BAC07046C71649459C597F82},06/18/2026 14:29:46,BTR0002,PC-6056,Downloads/photo_18.jpg,normal file access
{03A758DD6FE747629829AC33},06/18/2026 10:21:57,BTR0002,PC-6056,Notes/notes_18.txt,normal file access
{CB8338A2334A4462BC96196D},06/18/2026 11:10:58,BTR0002,PC-6056,Notes/notes_18.txt,normal file access
{421C02D8D3B4458C8351E68F},06/18/2026 07:46:08,BTR0002,PC-6056,Projects/spec.md,normal file access
{A2AC0FE47CD94AF7A818A71E},06/18/2026 11:07:23,BTR0002,PC-6056,Documents/report_18.docx,normal file access
{FB35243BC3054DA28CD219E2},06/18/2026 13:49:34,BTR0002,PC-6056,Documents/report_18.docx,normal file access
{EFF0C71D86F2487C8B9403BC},06/18/2026 15:49:22,ACM0001,PC-4275,Documents/report_18.docx,normal file access
{292FAAF1918642C7BBDFFA20},06/18/2026 10:30:58,ACM0001,PC-4275,Notes/notes_18.txt,normal file access
{ACB25C6BEF6D4EFA89F7C34C},06/18/2026 16:28:02,ACM0001,PC-4275,Documents/report_18.docx,normal file access
{66FF7382F75143A48C5CE293},06/18/2026 14:00:45,ACM0001,PC-4275,Projects/spec.md,normal file access
{8729B274D360494CA71CB7D2},06/18/2026 14:33:33,ACM0001,PC-4275,Documents/report_18.docx,normal file access
{F5CF51EBD6014F328D22546C},06/18/2026 12:30:22,ACM0001,PC-4275,Notes/notes_18.txt,normal file access
{7E3E0B62A9BB4C5DB4300346},06/18/2026 14:32:56,CNL0003,PC-5758,Notes/notes_18.txt,normal file access
{4FB2EA174B874382953B8CC9},06/18/2026 12:17:25,CNL0003,PC-5758,Downloads/photo_18.jpg,normal file access
{19EDC440EFB146A2B76D931B},06/18/2026 16:51:08,CNL0003,PC-5758,Projects/spec.md,normal file access
{519E0D712E3B41579F4BBDA6},06/18/2026 14:53:44,CNL0003,PC-5758,Downloads/photo_18.jpg,normal file access
{553AA4ADF917447FBF0A99AF},06/18/2026 11:12:13,CNL0003,PC-5758,Downloads/photo_18.jpg,normal file access
{B6A57C72D3134AD8B23A6AE2},06/18/2026 10:45:41,CNL0003,PC-5758,Projects/spec.md,normal file access
{C9DA88F6E7B54CA4AE00EB94},06/18/2026 14:21:23,ADM0099,PC-7811,Downloads/photo_18.jpg,normal file access
{15FD3B42F86C4A91B501EB55},06/18/2026 17:35:52,ADM0099,PC-7811,Documents/report_18.docx,normal file access
{347BD40948DD4DAC9F82127F},06/18/2026 15:28:15,ADM0099,PC-7811,Projects/spec.md,normal file access
{CC14354486694279AE928436},06/18/2026 14:24:58,ADM0099,PC-7811,Documents/report_18.docx,normal file access
{EFC15B80B43742879EF5C7F6},06/18/2026 14:01:58,ADM0099,PC-7811,Downloads/photo_18.jpg,normal file access
{C77BD6733E5A40BFAFB54ED5},06/18/2026 16:31:02,ADM0099,PC-7811,Downloads/photo_18.jpg,normal file access
{1F7DD20ED3224371AEC6EF89},06/19/2026 11:46:37,NGF0157,PC-6056,Notes/notes_19.txt,normal file access
{23B7FFD546414D27A5BB3307},06/19/2026 15:08:42,NGF0157,PC-6056,Projects/spec.md,normal file access
{001A0A3FBC08432F8E750D5F},06/19/2026 09:57:12,NGF0157,PC-6056,Downloads/photo_19.jpg,normal file access
{0389191C67FA49B4BB6E5455},06/19/2026 14:39:42,NGF0157,PC-6056,Downloads/photo_19.jpg,normal file access
{2166F61A28AB4CD49CF60285},06/19/2026 10:36:36,NGF0157,PC-6056,Downloads/photo_19.jpg,normal file access
{0F2A84B453DC4E9C8B03CA3B},06/19/2026 16:10:00,NGF0157,PC-6056,Downloads/photo_19.jpg,normal file access
{4AFD82AC77644947A9D2C81C},06/19/2026 15:31:50,LRR0148,PC-4275,Notes/notes_19.txt,normal file access
{A5ACA7323ECC4B21B6046411},06/19/2026 08:32:56,LRR0148,PC-4275,Projects/spec.md,normal file access
{5CF80F8574AD42889C06B5E1},06/19/2026 12:04:32,LRR0148,PC-4275,Downloads/photo_19.jpg,normal file access
{777FEF43E0D04E77B0704E93},06/19/2026 11:10:23,LRR0148,PC-4275,Documents/report_19.docx,normal file access
{15601D6E89BF479587264291},06/19/2026 16:51:21,LRR0148,PC-4275,Documents/report_19.docx,normal file access
{CAC26311F1B54821B74612F5},06/19/2026 17:30:13,LRR0148,PC-4275,Projects/spec.md,normal file access
{DB7B1E1A8C9041F9A3FD3093},06/19/2026 15:48:13,MOH0273,PC-6699,Notes/notes_19.txt,normal file access
{D24692A3F6694EFB91466BFA},06/19/2026 17:11:23,MOH0273,PC-6699,Notes/notes_19.txt,normal file access
{291DB2FC7F2345AE8A91BB38},06/19/2026 14:36:22,MOH0273,PC-6699,Notes/notes_19.txt,normal file access
{FDFFDC05B68042728C722048},06/19/2026 10:47:14,MOH0273,PC-6699,Notes/notes_19.txt,normal file access
{F5BF60AC086B49BFB0805AC2},06/19/2026 11:06:13,MOH0273,PC-6699,Notes/notes_19.txt,normal file access
{E250D861E1BD49BBB4908829},06/19/2026 09:10:24,MOH0273,PC-6699,Documents/report_19.docx,normal file access
{84FB299CC0F648FFA9465339},06/19/2026 15:22:42,MOH0273,PC-6699,Downloads/payload.exe,executable on removable media
{BA5A73D4B9EE496CB75E087C},06/19/2026 12:55:16,LAP0338,PC-5758,Projects/spec.md,normal file access
{05720B7D657A4748B5A740D9},06/19/2026 12:53:39,LAP0338,PC-5758,Downloads/photo_19.jpg,normal file access
{D8AC3CDA07EE4270B7330FFD},06/19/2026 10:07:58,LAP0338,PC-5758,Documents/report_19.docx,normal file access
{5BF80E3BA94941CCBBB1A1DC},06/19/2026 17:39:00,LAP0338,PC-5758,Documents/report_19.docx,normal file access
{D2093BD85E764A3DA59A63A1},06/19/2026 15:39:20,LAP0338,PC-5758,Notes/notes_19.txt,normal file access
{3042BA80C65840E09E0FA5A5},06/19/2026 13:31:11,LAP0338,PC-5758,Downloads/photo_19.jpg,normal file access
{EB5AC4E0ACE247CBB8C17ACA},06/19/2026 09:05:10,BTR0002,PC-6056,Downloads/photo_19.jpg,normal file access
{F1A060959C284E6EB0AE67BE},06/19/2026 14:41:18,BTR0002,PC-6056,Downloads/photo_19.jpg,normal file access
{156BAD6CE330429989B9F293},06/19/2026 15:17:56,BTR0002,PC-6056,Notes/notes_19.txt,normal file access
{F68877B94D5A475D87601846},06/19/2026 15:47:37,BTR0002,PC-6056,Notes/notes_19.txt,normal file access
{84BF104EEF5C48EF9F9485AD},06/19/2026 11:54:01,BTR0002,PC-6056,Projects/spec.md,normal file access
{90BC8C12FA874F3E852806F3},06/19/2026 13:47:44,BTR0002,PC-6056,Documents/report_19.docx,normal file access
{9D09A91FCA454ACFACE587DC},06/19/2026 13:44:39,ACM0001,PC-4275,Notes/notes_19.txt,normal file access
{26AE9690B8F04066BAFE86B2},06/19/2026 08:09:03,ACM0001,PC-4275,Documents/report_19.docx,normal file access
{61036334B0FE40AE8BAA6447},06/19/2026 10:18:17,ACM0001,PC-4275,Projects/spec.md,normal file access
{29C31F52694A48B5A4BBD4A8},06/19/2026 08:14:05,ACM0001,PC-4275,Projects/spec.md,normal file access
{9A8CAEAB154A4E3984E1665A},06/19/2026 06:21:26,ACM0001,PC-4275,Downloads/photo_19.jpg,normal file access
{F3F9E04EEB9E42CEA7A9BFDE},06/19/2026 17:23:29,ACM0001,PC-4275,Documents/report_19.docx,normal file access
{531DCBFAD9804CDE97953E9A},06/19/2026 13:34:23,CNL0003,PC-5758,Notes/notes_19.txt,normal file access
{82558E2E674348DEB972F3C1},06/19/2026 20:32:24,CNL0003,PC-5758,Projects/spec.md,normal file access
{F3716A4EF5D740599F47E368},06/19/2026 15:49:39,CNL0003,PC-5758,Projects/spec.md,normal file access
{26A49CAB58844DA482F74FEB},06/19/2026 09:42:34,CNL0003,PC-5758,Notes/notes_19.txt,normal file access
{63BB44E06FC7455698E04C28},06/19/2026 17:49:35,CNL0003,PC-5758,Projects/spec.md,normal file access
{832F515C4244463BB205D00E},06/19/2026 14:26:41,CNL0003,PC-5758,Downloads/photo_19.jpg,normal file access
{FC3564B2BF3944AF92805EB2},06/19/2026 10:06:02,ADM0099,PC-7811,Notes/notes_19.txt,normal file access
{6A0E6E555C85484AB3666E0B},06/19/2026 10:16:23,ADM0099,PC-7811,Projects/spec.md,normal file access
{610C8592BAFE41BFB79CEEB9},06/19/2026 14:05:36,ADM0099,PC-7811,Notes/notes_19.txt,normal file access
{85B4953F0402495B92DF3CB9},06/19/2026 11:46:04,ADM0099,PC-7811,Downloads/photo_19.jpg,normal file access
{0B2C1770864748638BFC8C4B},06/19/2026 11:31:52,ADM0099,PC-7811,Documents/report_19.docx,normal file access
{E16AC5DCCB9D42BAB17E7564},06/19/2026 14:02:46,ADM0099,PC-7811,Notes/notes_19.txt,normal file access
