id,date,user,pc,url,content
{A4F86D47EBD0448CBB0C4493},06/15/2026 08:35:12,NGF0157,PC-6056,https://www.bing.com/search?q=hello,normal browsing activity
{7F735D1771D04401B808DF91},06/15/2026 16:37:17,NGF0157,PC-6056,https://news.ycombinator.com/,normal browsing activity
{37EAEEFAB5454613BB923013},06/15/2026 11:44:27,NGF0157,PC-6056,https://docs.python.org/3/library/csv.html,normal browsing activity
{E835C04E5B2A40E887A66C50},06/15/2026 11:48:21,NGF0157,PC-6056,https://news.ycombinator.com/,normal browsing activity
{51017B59739F48819305FC91},06/15/2026 10:22:54,NGF0157,PC-6056,https://docs.python.org/3/library/csv.html,normal browsing activity
{99D7269484624AB885B4161C},06/15/2026 09:46:29,NGF0157,PC-6056,https://www.bing.com/search?q=hello,normal browsing activity
{EA30BA3F3C964F25B26946ED},06/15/2026 15:05:35,NGF0157,PC-6056,https://docs.python.org/3/library/csv.html,normal browsing activity
{212EEFD9DD2D4C6B82C4D2F3},06/15/2026 15:36:12,NGF0157,PC-6056,https://news.ycombinator.com/,normal browsing activity
{5B31CB297BE24F06B7A1DE96},06/15/2026 07:49:18,NGF0157,PC-6056,https://news.ycombinator.com/,normal browsing activity
{2404D2E737D849F1B6EE26A0},06/15/2026 10:24:17,NGF0157,PC-6056,https://github.com/company/internal-tool,normal browsing activity
{E0C33A2D24C64894BF60FB26},06/15/2026 15:10:23,NGF0157,PC-6056,https://docs.python.org/3/library/csv.html,normal browsing activity
{5CF363A75277473695332E01},06/15/2026 13:44:59,NGF0157,PC-6056,https://news.ycombinator.com/,normal browsing activity
{E572B07A89BF48B085D43C1A},06/15/2026 10:59:23,LRR0148,PC-4275,https://docs.python.org/3/library/csv.html,normal browsing activity
{C2767932852F4BA8BF3AA9D5},06/15/2026 12:56:36,LRR0148,PC-4275,https://news.ycombinator.com/,normal browsing activity
{0CDFACB178A748EB8DAB57D0},06/15/2026 17:52:04,LRR0148,PC-4275,https://www.bing.com/search?q=hello,normal browsing activity
{FEF4C6BBA1D34774935B504F},06/15/2026 10:42:30,LRR0148,PC-4275,https://www.bing.com/search?q=hello,normal browsing activity
{0ADAC2FFF6E14592B59C840F},06/15/2026 16:13:59,LRR0148,PC-4275,https://www.bing.com/search?q=hello,normal browsing activity
{AA3FF59B10654273991DAB90},06/15/2026 11:45:19,LRR0148,PC-4275,https://github.com/company/internal-tool,normal browsing activity
{B83078C837B6430D9C7D7D6B},06/15/2026 15:28:57,LRR0148,PC-4275,https://www.bing.com/search?q=hello,normal browsing activity
{2E89EEF5252A4F2B9954F272},06/15/2026 12:14:04,LRR0148,PC-4275,https://docs.python.org/3/library/csv.html,normal browsing activity
{AB38EEF68DB74BBB974D408A},06/15/2026 17:14:37,LRR0148,PC-4275,https://stackoverflow.com/questions/12345,normal browsing activity
{A1F965D863264E1288DA0EA8},06/15/2026 22:40:03,LRR0148,PC-4275,https://stackoverflow.com/questions/12345,normal browsing activity
{FB0B20E7E5444BECBAD1A832},06/15/2026 09:55:21,LRR0148,PC-4275,https://news.ycombinator.com/,normal browsing activity
{E6AA1AB096D94AD0A8AF56E7},06/15/2026 13:42:31,LRR0148,PC-4275,https://stackoverflow.com/questions/12345,normal browsing activity
{940E9BB5429048178C1DF4CE},06/15/2026 14:59:16,MOH0273,PC-6699,https://stackoverflow.com/questions/12345,normal browsing activity
{A9856EF83E20449A88768AE5},06/15/2026 14:15:16,MOH0273,PC-6699,https://github.com/company/internal-tool,normal browsing activity
{C10592FEA6034A9ABFB2BAB8},06/15/2026 14:29:20,MOH0273,PC-6699,https://news.ycombinator.com/,normal browsing activity
{ECA6B2317DAA419F94922193},06/15/2026 19:36:06,MOH0273,PC-6699,https://news.ycombinator.com/,normal browsing activity
{0C256C57C6E5470BB846D55D},06/15/2026 13:08:59,MOH0273,PC-6699,https://docs.python.org/3/library/csv.html,normal browsing activity
{95FB561CFAD14B5498911EE8},06/15/2026 12:23:18,MOH0273,PC-6699,https://stackoverflow.com/questions/12345,normal browsing activity
{2B6D2E4C32934BBAA388D8B7},06/15/2026 14:39:51,MOH0273,PC-6699,https://www.bing.com/search?q=hello,normal browsing activity
{93EF9C63152947C7A316292C},06/15/2026 17:19:59,MOH0273,PC-6699,https://news.ycombinator.com/,normal browsing activity
{5C828537FEF4448587E4DCE6},06/15/2026 10:16:07,MOH0273,PC-6699,https://news.ycombinator.com/,normal browsing activity
{E1AEB76F0E6A4E14BC6FA7B4},06/15/2026 10:17:18,MOH0273,PC-6699,https://www.bing.com/search?q=hello,normal browsing activity
{DEFA5C16938A410EB87C7ABC},06/15/2026 14:13:43,MOH0273,PC-6699,https://docs.python.org/3/library/csv.html,normal browsing activity
{34D27DF40A8F4F2DB8562ACE},06/15/2026 13:57:58,MOH0273,PC-6699,https://news.ycombinator.com/,normal browsing activity
{DB07FC00F3284C1885EC48C6},06/15/2026 14:27:38,LAP0338,PC-5758,https://www.bing.com/search?q=hello,normal browsing activity
{AA434EB38D274314A1AF7A18},06/15/2026 11:16:02,LAP0338,PC-5758,https://github.com/company/internal-tool,normal browsing activity
{9E98EF0B396341D3AB54D906},06/15/2026 17:43:46,LAP0338,PC-5758,https://stackoverflow.com/questions/12345,normal browsing activity
{B42DD2521F0848B19BA49207},06/15/2026 09:42:58,LAP0338,PC-5758,https://docs.python.org/3/library/csv.html,normal browsing activity
{D8A47D54D7D248EAB49F8097},06/15/2026 10:46:57,LAP0338,PC-5758,https://docs.python.org/3/library/csv.html,normal browsing activity
{B96D566E52064A5B908165A8},06/15/2026 16:20:25,LAP0338,PC-5758,https://docs.python.org/3/library/csv.html,normal browsing activity
{6EC45955C22B4980B3E4CD94},06/15/2026 11:26:42,LAP0338,PC-5758,https://github.com/company/internal-tool,normal browsing activity
{3D3D040F51CE4339BC0E3C8D},06/15/2026 11:39:36,LAP0338,PC-5758,https://docs.python.org/3/library/csv.html,normal browsing activity
{A2F60D6BF6844421A2BB9221},06/15/2026 08:19:18,LAP0338,PC-5758,https://stackoverflow.com/questions/12345,normal browsing activity
{B455C7E8289349ABBBAA535F},06/15/2026 14:29:28,LAP0338,PC-5758,https://github.com/company/internal-tool,normal browsing activity
{62A317F2CD3B44BF878788AA},06/15/2026 17:50:57,LAP0338,PC-5758,https://stackoverflow.com/questions/12345,normal browsing activity
{B3B8DF68CF7545EEAFD1E818},06/15/2026 14:32:42,LAP0338,PC-5758,https://www.bing.com/search?q=hello,normal browsing activity
{E985ADA5C0AD45459018E22C},06/15/2026 16:34:47,BTR0002,PC-6056,https://www.bing.com/search?q=hello,normal browsing activity
{F36D76DAA31C4BA298B8C910},06/15/2026 12:31:14,BTR0002,PC-6056,https://docs.python.org/3/library/csv.html,normal browsing activity
{23652F14D27B45249B0F05CE},06/15/2026 08:24:21,BTR0002,PC-6056,https://github.com/company/internal-tool,normal browsing activity
{85BD61980A9040A6847ED4EC},06/15/2026 16:58:08,BTR0002,PC-6056,https://www.bing.com/search?q=hello,normal browsing activity
{E42356CAF86E42D8AA7118D1},06/15/2026 15:37:36,BTR0002,PC-6056,https://news.ycombinator.com/,normal browsing activity
{C2129005A3BB413F88DFB54A},06/15/2026 16:08:55,BTR0002,PC-6056,https://github.com/company/internal-tool,normal browsing activity
{4D7F539A0BB9407FAA93A1C3},06/15/2026 13:24:20,BTR0002,PC-6056,https://stackoverflow.com/questions/12345,normal browsing activity
{4D8BAFC112794C6895388978},06/15/2026 14:48:56,BTR0002,PC-6056,https://github.com/company/internal-tool,normal browsing activity
{6F94DDB22BD94D838E906778},06/15/2026 16:16:53,BTR0002,PC-6056,https://news.ycombinator.com/,normal browsing activity
{18848438AE1A41BBAA2E8FEF},06/15/2026 09:22:14,BTR0002,PC-6056,https://news.ycombinator.com/,normal browsing activity
{27BF1223198F4C7F9C4780CF},06/15/2026 09:48:01,BTR0002,PC-6056,https://stackoverflow.com/questions/12345,normal browsing activity
{B1D80534BC50459B906B052A},06/15/2026 08:39:09,BTR0002,PC-6056,https://stackoverflow.com/questions/12345,normal browsing activity
{EE3C0E7BFD8B4DB79998D40A},06/15/2026 11:05:15,ACM0001,PC-4275,https://github.com/company/internal-tool,normal browsing activity
{F641B4AC30B3442FB817290A},06/15/2026 12:44:30,ACM0001,PC-4275,https://github.com/company/internal-tool,normal browsing activity
{BB23CCD0B0DD43098206021B},06/15/2026 08:05:18,ACM0001,PC-4275,https://stackoverflow.com/questions/12345,normal browsing activity
{713614E7D8214F059716A633},06/15/2026 12:19:42,ACM0001,PC-4275,https://www.bing.com/search?q=hello,normal browsing activity
{2302F61977174263BF38DD90},06/15/2026 15:27:47,ACM0001,PC-4275,https://www.bing.com/search?q=hello,normal browsing activity
{2631C36F6A4C4C95B50C90C7},06/15/2026 16:17:19,ACM0001,PC-4275,https://docs.python.org/3/library/csv.html,normal browsing activity
{08AA1488B87A49A38138D9F5},06/15/2026 11:20:07,ACM0001,PC-4275,https://www.bing.com/search?q=hello,normal browsing activity
{D4B498D1AFAC46C1A070F76C},06/15/2026 11:12:13,ACM0001,PC-4275,https://github.com/company/internal-tool,normal browsing activity
{F40DD03CDFAF45029472368F},06/15/2026 14:06:53,ACM0001,PC-4275,https://stackoverflow.com/questions/12345,normal browsing activity
{B39CA7A3CE5442498488B089},06/15/2026 15:11:19,ACM0001,PC-4275,https://news.ycombinator.com/,normal browsing activity
{7B40B5E3E06743469FA3F88A},06/15/2026 10:17:02,ACM0001,PC-4275,https://news.ycombinator.com/,normal browsing activity
{67D1BDE4E22F4918ACF702A6},06/15/2026 10:40:55,ACM0001,PC-4275,https://github.com/company/internal-tool,normal browsing activity
{AB54F9E3E1F24A99B8C33E54},06/15/2026 17:28:05,CNL0003,PC-5758,https://www.bing.com/search?q=hello,normal browsing activity
{22D2E9DB089B4F8FA0E7C0F1},06/15/2026 13:47:20,CNL0003,PC-5758,https://www.bing.com/search?q=hello,normal browsing activity
{2A84F59829784A07B20FD392},06/15/2026 09:14:43,CNL0003,PC-5758,https://www.bing.com/search?q=hello,normal browsing activity
{B9D9559AF8D947FD9739994C},06/15/2026 08:48:43,CNL0003,PC-5758,https://docs.python.org/3/library/csv.html,normal browsing activity
{3F01494186804FD9BA37626D},06/15/2026 11:30:33,CNL0003,PC-5758,https://github.com/company/internal-tool,normal browsing activity
{DA579913C87B44B583CD9724},06/15/2026 11:37:27,CNL0003,PC-5758,https://github.com/company/internal-tool,normal browsing activity
{8961213F375942B88DB43B07},06/15/2026 17:22:26,CNL0003,PC-5758,https://docs.python.org/3/library/csv.html,normal browsing activity
{4C6098CCACC0487FB8567593},06/15/2026 10:54:10,CNL0003,PC-5758,https://docs.python.org/3/library/csv.html,normal browsing activity
{52428B075EBB4F6EAB72D87B},06/15/2026 17:18:42,CNL0003,PC-5758,https://github.com/company/internal-tool,normal browsing activity
{C2D768549A3F4282ADFB0F81},06/15/2026 09:29:05,CNL0003,PC-5758,https://docs.python.org/3/library/csv.html,normal browsing activity
{FA4F7A4AD4994C3BA8DA7AB4},06/15/2026 10:49:25,CNL0003,PC-5758,https://www.bing.com/search?q=hello,normal browsing activity
{C61AD08201A340B18842F6F9},06/15/2026 08:42:55,CNL0003,PC-5758,https://www.bing.com/search?q=hello,normal browsing activity
{DA168FE6C6964DFFBAC6FA6E},06/15/2026 10:31:02,ADM0099,PC-7811,https://stackoverflow.com/questions/12345,normal browsing activity
{DB51445457224CA0A5D417BE},06/15/2026 14:55:06,ADM0099,PC-7811,https://github.com/company/internal-tool,normal browsing activity
{1F883E2EEE254C58874D1D4F},06/15/2026 16:00:46,ADM0099,PC-7811,https://stackoverflow.com/questions/12345,normal browsing activity
{8C437E965E6A42318339F4F1},06/15/2026 10:04:30,ADM0099,PC-7811,https://docs.python.org/3/library/csv.html,normal browsing activity
{3067C5E72F9A4F6DA9ADC977},06/15/2026 15:41:05,ADM0099,PC-7811,https://docs.python.org/3/library/csv.html,normal browsing activity
{FA0EDC5D0B764A13855CA833},06/15/2026 15:20:40,ADM0099,PC-7811,https://github.com/company/internal-tool,normal browsing activity
{64AF26D9423C476787A889CC},06/15/2026 09:39:04,ADM0099,PC-7811,https://stackoverflow.com/questions/12345,normal browsing activity
{53670BF1C05A45D6A169AFF7},06/15/2026 14:14:47,ADM0099,PC-7811,https://news.ycombinator.com/,normal browsing activity
{8FCAAC103C884782ACC05134},06/15/2026 10:48:40,ADM0099,PC-7811,https://news.ycombinator.com/,normal browsing activity
{1CDE99BE55314A929585ECA7},06/15/2026 14:57:01,ADM0099,PC-7811,https://news.ycombinator.com/,normal browsing activity
{7C783E8F03F74EEEBC27F31D},06/15/2026 09:18:22,ADM0099,PC-7811,https://docs.python.org/3/library/csv.html,normal browsing activity
{C9E16912979F49F991FACCC3},06/15/2026 12:33:26,ADM0099,PC-7811,https://www.bing.com/search?q=hello,normal browsing activity
{AD6EFBEC8BA94549AABA839B},06/16/2026 17:51:18,NGF0157,PC-6056,https://docs.python.org/3/library/csv.html,normal browsing activity
{2E67BFB7A02046F9BE1B29F2},06/16/2026 16:04:09,NGF0157,PC-6056,https://stackoverflow.com/questions/12345,normal browsing activity
{849CEA1B08B3484591F7C022},06/16/2026 15:54:51,NGF0157,PC-6056,https://www.bing.com/search?q=hello,normal browsing activity
{469247F826544E99AC383074},06/16/2026 15:00:16,NGF0157,PC-6056,https://www.bing.com/search?q=hello,normal browsing activity
{E864EF9B46754F1E86D087AE},06/16/2026 15:43:47,NGF0157,PC-6056,https://docs.python.org/3/library/csv.html,normal browsing activity
{EA7E7FDDE91C418E95189966},06/16/2026 15:06:43,NGF0157,PC-6056,https://stackoverflow.com/questions/12345,normal browsing activity
{B92E5FD0A9F040D69200E5B8},06/16/2026 14:58:39,NGF0157,PC-6056,https://stackoverflow.com/questions/12345,normal browsing activity
{BB81118A7B284623907C94B5},06/16/2026 16:58:44,NGF0157,PC-6056,https://docs.python.org/3/library/csv.html,normal browsing activity
{94277EDC1C81435DAB257E3F},06/16/2026 10:08:02,NGF0157,PC-6056,https://news.ycombinator.com/,normal browsing activity
{7C00C066D4C342F9A6E0A10D},06/16/2026 17:07:06,NGF0157,PC-6056,https://stackoverflow.com/questions/12345,normal browsing activity
{6B53C511AC184943B406D363},06/16/2026 10:24:29,NGF0157,PC-6056,https://docs.python.org/3/library/csv.html,normal browsing activity
{31B319DF554141D5811E1861},06/16/2026 16:37:47,NGF0157,PC-6056,https://stackoverflow.com/questions/12345,normal browsing activity
{9251E5ECC0F949BA83D2CCFB},06/16/2026 10:31:45,LRR0148,PC-4275,https://github.com/company/internal-tool,normal browsing activity
{302D4A13B3B14DDEA5930342},06/16/2026 09:20:38,LRR0148,PC-4275,https://stackoverflow.com/questions/12345,normal browsing activity
{D67B7612FD2C4A3DBBC124C9},06/16/2026 13:39:40,LRR0148,PC-4275,https://www.bing.com/search?q=hello,normal browsing activity
{C10800E280F045FA85C1196B},06/16/2026 14:24:38,LRR0148,PC-4275,https://www.bing.com/search?q=hello,normal browsing activity
{A9442B79BCCD41D0BEE1C879},06/16/2026 16:06:50,LRR0148,PC-4275,https://news.ycombinator.com/,normal browsing activity
{9ECD5A3B6F45491BAB93A56F},06/16/2026 11:27:28,LRR0148,PC-4275,https://stackoverflow.com/questions/12345,normal browsing activity
{FD1836428C3443A0A175A4B4},06/16/2026 16:25:26,LRR0148,PC-4275,https://news.ycombinator.com/,normal browsing activity
{B78F8BA61A91415C984A614C},06/16/2026 14:42:16,LRR0148,PC-4275,https://docs.python.org/3/library/csv.html,normal browsing activity
{7CA7EADBFA18412EAD0940DC},06/16/2026 17:04:05,LRR0148,PC-4275,https://news.ycombinator.com/,normal browsing activity
{9757867BAF824458BBAD453E},06/16/2026 10:47:47,LRR0148,PC-4275,https://docs.python.org/3/library/csv.html,normal browsing activity
{B44F88CC57AD40CB9334BB50},06/16/2026 09:37:35,LRR0148,PC-4275,https://www.bing.com/search?q=hello,normal browsing activity
{AD2D8DDE0EF3425EA897809E},06/16/2026 10:26:22,LRR0148,PC-4275,https://github.com/company/internal-tool,normal browsing activity
{0280BC31264D4A27B7FCC5A5},06/16/2026 17:33:42,LRR0148,PC-4275,http://wikileaks.org/cables/2026/06.html,blocked site visit
{925D03B256284D49B921DF09},06/16/2026 12:32:35,MOH0273,PC-6699,https://docs.python.org/3/library/csv.html,normal browsing activity
{EFE68A5E709041B39EF2DC54},06/16/2026 09:27:01,MOH0273,PC-6699,https://github.com/company/internal-tool,normal browsing activity
{E9BDF5E505FD441A87C39C0D},06/16/2026 14:36:27,MOH0273,PC-6699,https://www.bing.com/search?q=hello,normal browsing activity
{BBB2834DEB954720B9BD78A6},06/16/2026 16:18:07,MOH0273,PC-6699,https://github.com/company/internal-tool,normal browsing activity
{4B76B71177AC461DBB07558D},06/16/2026 10:10:51,MOH0273,PC-6699,https://www.bing.com/search?q=hello,normal browsing activity
{E6AD937F683649C0B2A3955E},06/16/2026 15:05:27,MOH0273,PC-6699,https://news.ycombinator.com/,normal browsing activity
{200D5FA1E58A4F55BB3036CD},06/16/2026 15:33:05,MOH0273,PC-6699,https://github.com/company/internal-tool,normal browsing activity
{18B8718C07F044DA89F21569},06/16/2026 14:14:21,MOH0273,PC-6699,https://stackoverflow.com/questions/12345,normal browsing activity
{7D7AC69E57A9424A98B73FBE},06/16/2026 10:33:32,MOH0273,PC-6699,https://stackoverflow.com/questions/12345,normal browsing activity
{F557EE5689414B8C95898E5B},06/16/2026 15:22:46,MOH0273,PC-6699,https://stackoverflow.com/questions/12345,normal browsing activity
{F5CB02A14C644A7BAA5EDC9D},06/16/2026 10:16:12,MOH0273,PC-6699,https://stackoverflow.com/questions/12345,normal browsing activity
{A80222CBAA464646BEA1C69B},06/16/2026 09:11:49,MOH0273,PC-6699,https://github.com/company/internal-tool,normal browsing activity
{D7457EC36B4E4A87B492ABB0},06/16/2026 09:41:42,LAP0338,PC-5758,https://github.com/company/internal-tool,normal browsing activity
{3BC3375F01CC42DAB0F12418},06/16/2026 08:23:19,LAP0338,PC-5758,https://stackoverflow.com/questions/12345,normal browsing activity
{005D656E673048D18289A44D},06/16/2026 14:49:31,LAP0338,PC-5758,https://stackoverflow.com/questions/12345,normal browsing activity
{CAB737C3C53040BD8C7056CE},06/16/2026 10:09:04,LAP0338,PC-5758,https://docs.python.org/3/library/csv.html,normal browsing activity
{EE1F88D27E1B4E6FBCD562A1},06/16/2026 10:32:49,LAP0338,PC-5758,https://www.bing.com/search?q=hello,normal browsing activity
{3BD0E8ACDC164E3DBD59CB6E},06/16/2026 09:42:21,LAP0338,PC-5758,https://www.bing.com/search?q=hello,normal browsing activity
{4A3E050F2A0C45A3B510DD61},06/16/2026 15:09:10,LAP0338,PC-5758,https://stackoverflow.com/questions/12345,normal browsing activity
{88735352FBDD4A83A084E338},06/16/2026 11:46:28,LAP0338,PC-5758,https://news.ycombinator.com/,normal browsing activity
{2DD80EA8757141A4B2754DD8},06/16/2026 12:28:39,LAP0338,PC-5758,https://docs.python.org/3/library/csv.html,normal browsing activity
{ECF48BEDCCEA47C4994376E3},06/16/2026 16:14:34,LAP0338,PC-5758,https://stackoverflow.com/questions/12345,normal browsing activity
{5562556505854DC7A6132726},06/16/2026 17:57:53,LAP0338,PC-5758,https://stackoverflow.com/questions/12345,normal browsing activity
{8DC0524E13BE42E6A24C7CE6},06/16/2026 16:29:49,LAP0338,PC-5758,https://docs.python.org/3/library/csv.html,normal browsing activity
{BEC90349353847CA8A70BCC0},06/16/2026 15:23:16,BTR0002,PC-6056,https://news.ycombinator.com/,normal browsing activity
{9F45F88D487D496EA271163E},06/16/2026 09:22:15,BTR0002,PC-6056,https://news.ycombinator.com/,normal browsing activity
{A2A949BBC25E4676A54F3F6B},06/16/2026 14:08:02,BTR0002,PC-6056,https://docs.python.org/3/library/csv.html,normal browsing activity
{4D570D4FC7E1495FA007D08F},06/16/2026 11:53:49,BTR0002,PC-6056,https://github.com/company/internal-tool,normal browsing activity
{CAD31D5F467A4EE2915685DA},06/16/2026 17:40:11,BTR0002,PC-6056,https://stackoverflow.com/questions/12345,normal browsing activity
{7D78A9EBD05147EB86694347},06/16/2026 16:02:18,BTR0002,PC-6056,https://stackoverflow.com/questions/12345,normal browsing activity
{036ADEAD71074C608EEC6158},06/16/2026 06:56:02,BTR0002,PC-6056,https://docs.python.org/3/library/csv.html,normal browsing activity
{97AFA1C32DCB423D9CEF12AF},06/16/2026 15:52:34,BTR0002,PC-6056,https://github.com/company/internal-tool,normal browsing activity
{4D8580629E104D869EDA02A0},06/16/2026 11:18:22,BTR0002,PC-6056,https://news.ycombinator.com/,normal browsing activity
{80296C816FC9497CBC144A25},06/16/2026 14:17:07,BTR0002,PC-6056,https://docs.python.org/3/library/csv.html,normal browsing activity
{CE611088E91D4065B8304D45},06/16/2026 15:47:28,BTR0002,PC-6056,https://github.com/company/internal-tool,normal browsing activity
{92085438AF1547DFAA7C9FDE},06/16/2026 11:31:44,BTR0002,PC-6056,https://github.com/company/internal-tool,normal browsing activity
{66F9FB3A0F164B5A8FB680A4},06/16/2026 09:51:43,ACM0001,PC-4275,https://docs.python.org/3/library/csv.html,normal browsing activity
{4FF7E8CA95FA41B1B35C3D7B},06/16/2026 09:35:34,ACM0001,PC-4275,https://docs.python.org/3/library/csv.html,normal browsing activity
{2C6EDBCC92B8441ABD802A7A},06/16/2026 11:45:45,ACM0001,PC-4275,https://stackoverflow.com/questions/12345,normal browsing activity
{D0B3291DDB004E08A20AA75B},06/16/2026 12:07:12,ACM0001,PC-4275,https://stackoverflow.com/questions/12345,normal browsing activity
{94A946E87F644CA982B36121},06/16/2026 17:01:23,ACM0001,PC-4275,https://www.bing.com/search?q=hello,normal browsing activity
{4716008CFF974565B5486F6F},06/16/2026 16:51:35,ACM0001,PC-4275,https://stackoverflow.com/questions/12345,normal browsing activity
{7900E42022CB425785D3BEE4},06/16/2026 09:04:19,ACM0001,PC-4275,https://github.com/company/internal-tool,normal browsing activity
{C40277976E3A455FBE09811E},06/16/2026 17:33:26,ACM0001,PC-4275,https://github.com/company/internal-tool,normal browsing activity
{84B0C7F88D7D4F4095F0D594},06/16/2026 09:08:20,ACM0001,PC-4275,https://news.ycombinator.com/,normal browsing activity
{14BC8DB7BC4A4F2D8A2C5A7C},06/16/2026 15:08:56,ACM0001,PC-4275,https://www.bing.com/search?q=hello,normal browsing activity
{B98CCB2207EF49E3AF96FD72},06/16/2026 11:49:08,ACM0001,PC-4275,https://github.com/company/internal-tool,normal browsing activity
{22B31EFE678745608A895374},06/16/2026 09:53:07,ACM0001,PC-4275,https://www.bing.com/search?q=hello,normal browsing activity
{D9AA70B8CD6D4BE8B0EF4F8B},06/16/2026 08:05:25,CNL0003,PC-5758,https://www.bing.com/search?q=hello,normal browsing activity
{21F804E5C40F406D837960FA},06/16/2026 12:13:37,CNL0003,PC-5758,https://docs.python.org/3/library/csv.html,normal browsing activity
{DE882BAD49DF4F7CB0ABD19C},06/16/2026 09:31:38,CNL0003,PC-5758,https://github.com/company/internal-tool,normal browsing activity
{5CCA7F1ECDD84F5EB601728E},06/16/2026 08:54:06,CNL0003,PC-5758,https://github.com/company/internal-tool,normal browsing activity
{D6E068F85DB248FCACB90E95},06/16/2026 13:46:23,CNL0003,PC-5758,https://github.com/company/internal-tool,normal browsing activity
{6671628B5CF848AF8185724D},06/16/2026 15:03:36,CNL0003,PC-5758,https://www.bing.com/search?q=hello,normal browsing activity
{279749561F7A4589886C2372},06/16/2026 14:04:24,CNL0003,PC-5758,https://www.bing.com/search?q=hello,normal browsing activity
{E9C1758ECB034C1EA211F34E},06/16/2026 13:52:39,CNL0003,PC-5758,https://www.bing.com/search?q=hello,normal browsing activity
{AE8923273F494DEF96EAE892},06/16/2026 10:25:23,CNL0003,PC-5758,https://docs.python.org/3/library/csv.html,normal browsing activity
{E2F92A59AD2A4D91BBAF149B},06/16/2026 15:48:09,CNL0003,PC-5758,https://stackoverflow.com/questions/12345,normal browsing activity
{94B0779837E84E77B75CD69D},06/16/2026 15:32:02,CNL0003,PC-5758,https://news.ycombinator.com/,normal browsing activity
{C085DE15A53D47B897C77C5C},06/16/2026 22:21:51,CNL0003,PC-5758,https://github.com/company/internal-tool,normal browsing activity
{D36E53086F414083A603D05A},06/16/2026 13:18:07,ADM0099,PC-7811,https://www.bing.com/search?q=hello,normal browsing activity
{BE48B29ABFAD42128D8D2AC2},06/16/2026 15:57:25,ADM0099,PC-7811,https://docs.python.org/3/library/csv.html,normal browsing activity
{7351BBACFB634385B4203D8B},06/16/2026 10:18:02,ADM0099,PC-7811,https://docs.python.org/3/library/csv.html,normal browsing activity
{01459CDE801247CA99DC245C},06/16/2026 09:22:59,ADM0099,PC-7811,https://github.com/company/internal-tool,normal browsing activity
{E0D6444AC24642C5A3C3F842},06/16/2026 17:13:12,ADM0099,PC-7811,https://www.bing.com/search?q=hello,normal browsing activity
{6B48975F84184763AFF5EE5F},06/16/2026 13:08:06,ADM0099,PC-7811,https://www.bing.com/search?q=hello,normal browsing activity
{094AE389AEB040F4A4E3609E},06/16/2026 12:15:03,ADM0099,PC-7811,https://www.bing.com/search?q=hello,normal browsing activity
{66279049A2D2447EAC4A0D7A},06/16/2026 12:03:06,ADM0099,PC-7811,https://github.com/company/internal-tool,normal browsing activity
{14794C7E0F1B4A718BD9EC26},06/16/2026 17:06:43,ADM0099,PC-7811,https://stackoverflow.com/questions/12345,normal browsing activity
{8EFC6B475BF94BC4ABE4001E},06/16/2026 17:59:10,ADM0099,PC-7811,https://github.com/company/internal-tool,normal browsing activity
{D6D89C8A22004D57A173C914},06/16/2026 17:30:41,ADM0099,PC-7811,https://stackoverflow.com/questions/12345,normal browsing activity
{5CC3D8B53E7C4341A2CB79E2},06/16/2026 14:20:18,ADM0099,PC-7811,https://news.ycombinator.com/,normal browsing activity
{54C6ECD0E3934102B461E706},06/17/2026 14:44:07,NGF0157,PC-6056,https://docs.python.org/3/library/csv.html,normal browsing activity
{7E1B4DAB195F4D76BD4F6683},06/17/2026 12:14:08,NGF0157,PC-6056,https://github.com/company/internal-tool,normal browsing activity
{8EB6F6FCCBB0449AA7AB9F2F},06/17/2026 15:26:44,NGF0157,PC-6056,https://www.bing.com/search?q=hello,normal browsing activity
{3879A9FB601B476EA14BF948},06/17/2026 11:48:15,NGF0157,PC-6056,https://www.bing.com/search?q=hello,normal browsing activity
{A3CF11A6FF4949A19A041D2E},06/17/2026 09:33:28,NGF0157,PC-6056,https://www.bing.com/search?q=hello,normal browsing activity
{F9A8F0CBA9534DE1BB108177},06/17/2026 09:58:36,NGF0157,PC-6056,https://news.ycombinator.com/,normal browsing activity
{3A1458A5B5404963BB02243C},06/17/2026 11:36:34,NGF0157,PC-6056,https://stackoverflow.com/questions/12345,normal browsing activity
{3A0A8F7493EB466FA1DF1A57},06/17/2026 16:07:43,NGF0157,PC-6056,https://stackoverflow.com/questions/12345,normal browsing activity
{FBB8EEFCC5124752A3F037B7},06/17/2026 17:05:57,NGF0157,PC-6056,https://www.bing.com/search?q=hello,normal browsing activity
{8395257659144012BFD996AA},06/17/2026 09:29:08,NGF0157,PC-6056,https://www.bing.com/search?q=hello,normal browsing activity
{B89716413BA74CD2B228C50B},06/17/2026 09:35:29,NGF0157,PC-6056,https://docs.python.org/3/library/csv.html,normal browsing activity
{A38B779D20214C4D88DB66CA},06/17/2026 15:16:52,NGF0157,PC-6056,https://news.ycombinator.com/,normal browsing activity
{04B5257EDC814F67A5B699CF},06/17/2026 14:15:19,LRR0148,PC-4275,https://stackoverflow.com/questions/12345,normal browsing activity
{CEB641CC62324E7B8530181F},06/17/2026 12:26:19,LRR0148,PC-4275,https://docs.python.org/3/library/csv.html,normal browsing activity
{2CBF795FE63E4F118584CB8C},06/17/2026 11:40:43,LRR0148,PC-4275,https://github.com/company/internal-tool,normal browsing activity
{A3BBCD3A5D3048749D58F11D},06/17/2026 09:22:41,LRR0148,PC-4275,https://github.com/company/internal-tool,normal browsing activity
{788C9489DE754982845D2FC9},06/17/2026 14:44:26,LRR0148,PC-4275,https://github.com/company/internal-tool,normal browsing activity
{0D1F05A11C2C436686AF805F},06/17/2026 15:11:48,LRR0148,PC-4275,https://www.bing.com/search?q=hello,normal browsing activity
{00B7D9A04AD44B158E127CCD},06/17/2026 12:19:54,LRR0148,PC-4275,https://stackoverflow.com/questions/12345,normal browsing activity
{164221E027D24FC6BCCB01CE},06/17/2026 09:35:26,LRR0148,PC-4275,https://github.com/company/internal-tool,normal browsing activity
{C9B7FF9DB95D4FCCB8C8C276},06/17/2026 10:24:15,LRR0148,PC-4275,https://docs.python.org/3/library/csv.html,normal browsing activity
{68DF082DFBF54F3F9A6D5D8C},06/17/2026 09:59:28,LRR0148,PC-4275,https://docs.python.org/3/library/csv.html,normal browsing activity
{2D094DC4F246471EAFCEB17C},06/17/2026 11:03:17,LRR0148,PC-4275,https://github.com/company/internal-tool,normal browsing activity
{9222CEAB0B6040DDBF9B8154},06/17/2026 09:55:04,LRR0148,PC-4275,https://stackoverflow.com/questions/12345,normal browsing activity
{10F0E2317FCD48928398193C},06/17/2026 17:35:26,MOH0273,PC-6699,https://news.ycombinator.com/,normal browsing activity
{8D1D1A1BCC4E4DC59776CC03},06/17/2026 23:17:34,MOH0273,PC-6699,https://docs.python.org/3/library/csv.html,normal browsing activity
{D732F5D5D5A74CA28B21C2E1},06/17/2026 22:43:27,MOH0273,PC-6699,https://stackoverflow.com/questions/12345,normal browsing activity
{32028041B1074FA5B51AB05A},06/17/2026 10:33:09,MOH0273,PC-6699,https://stackoverflow.com/questions/12345,normal browsing activity
{C654A8BCC7444EF6B3E459D8},06/17/2026 13:52:22,MOH0273,PC-6699,https://docs.python.org/3/library/csv.html,normal browsing activity
{D8CC382696374E98B8E4160C},06/17/2026 09:23:25,MOH0273,PC-6699,https://github.com/company/internal-tool,normal browsing activity
{049B85C40479446583440E31},06/17/2026 12:19:43,MOH0273,PC-6699,https://news.ycombinator.com/,normal browsing activity
{F4BF193352344D9EA2CCD677},06/17/2026 09:05:25,MOH0273,PC-6699,https://github.com/company/internal-tool,normal browsing activity
{7898DFBA96D9490BA489D57D},06/17/2026 17:03:40,MOH0273,PC-6699,https://news.ycombinator.com/,normal browsing activity
{E4603EFB6F574090BE7D5328},06/17/2026 09:31:54,MOH0273,PC-6699,https://github.com/company/internal-tool,normal browsing activity
{900C24864C684A2991EC44F4},06/17/2026 14:36:54,MOH0273,PC-6699,https://news.ycombinator.com/,normal browsing activity
{CA8E5B699E33485CAE0212DD},06/17/2026 09:14:13,MOH0273,PC-6699,https://www.bing.com/search?q=hello,normal browsing activity
{54026BD854BA46CB9CA39757},06/17/2026 15:10:08,LAP0338,PC-5758,https://docs.python.org/3/library/csv.html,normal browsing activity
{9500002ABB8A4DE09A3A8921},06/17/2026 17:09:04,LAP0338,PC-5758,https://stackoverflow.com/questions/12345,normal browsing activity
{502448DCB0EF47FAB1F7126B},06/17/2026 16:19:30,LAP0338,PC-5758,https://news.ycombinator.com/,normal browsing activity
{13CACC095DFE4B6DB16FCAD2},06/17/2026 12:46:40,LAP0338,PC-5758,https://github.com/company/internal-tool,normal browsing activity
{4C9EE8CE211E4D1D8EA366A4},06/17/2026 11:29:06,LAP0338,PC-5758,https://stackoverflow.com/questions/12345,normal browsing activity
{AB2A5CF68628441BB52C3035},06/17/2026 15:21:53,LAP0338,PC-5758,https://www.bing.com/search?q=hello,normal browsing activity
{EC55FD504A284BE8BD6D4F00},06/17/2026 14:28:21,LAP0338,PC-5758,https://github.com/company/internal-tool,normal browsing activity
{B7E3FAC6CEB94B319B4691A8},06/17/2026 10:19:20,LAP0338,PC-5758,https://www.bing.com/search?q=hello,normal browsing activity
{558DB90BE23840AF996A3E66},06/17/2026 11:30:20,LAP0338,PC-5758,https://stackoverflow.com/questions/12345,normal browsing activity
{C34F2F3BB601428FA8221CEE},06/17/2026 14:18:47,LAP0338,PC-5758,https://github.com/company/internal-tool,normal browsing activity
{06BFE72752F2454DB1292446},06/17/2026 12:20:24,LAP0338,PC-5758,https://docs.python.org/3/library/csv.html,normal browsing activity
{27F8B173316A4FF5B8196568},06/17/2026 15:23:07,LAP0338,PC-5758,https://www.bing.com/search?q=hello,normal browsing activity
{9C8322112948400286AE4388},06/17/2026 10:43:51,BTR0002,PC-6056,https://stackoverflow.com/questions/12345,normal browsing activity
{95DCD75456144BC1AA2E6CE2},06/17/2026 12:33:11,BTR0002,PC-6056,https://www.bing.com/search?q=hello,normal browsing activity
{A13E2133F6DE482EB4BD74CB},06/17/2026 16:29:14,BTR0002,PC-6056,https://github.com/company/internal-tool,normal browsing activity
{4BC755866BB74F6491178D30},06/17/2026 11:40:42,BTR0002,PC-6056,https://github.com/company/internal-tool,normal browsing activity
{4DD200B97F4C41258B5A14BC},06/17/2026 11:28:37,BTR0002,PC-6056,https://github.com/company/internal-tool,normal browsing activity
{88EF8F4AD11141708E53C2AC},06/17/2026 11:13:17,BTR0002,PC-6056,https://news.ycombinator.com/,normal browsing activity
{DCFB8E7864A242C892309F4A},06/17/2026 11:23:20,BTR0002,PC-6056,https://stackoverflow.com/questions/12345,normal browsing activity
{9BA63A62A0314D61B19BEB63},06/17/2026 13:42:55,BTR0002,PC-6056,https://github.com/company/internal-tool,normal browsing activity
{598737B201234194B7020B6B},06/17/2026 14:38:24,BTR0002,PC-6056,https://www.bing.com/search?q=hello,normal browsing activity
{7659036A9445409286E9F8A8},06/17/2026 10:22:22,BTR0002,PC-6056,https://github.com/company/internal-tool,normal browsing activity
{4F4AB07859C4471BA9D46A64},06/17/2026 14:58:39,BTR0002,PC-6056,https://www.bing.com/search?q=hello,normal browsing activity
{D8811BDFD86044D7B4B32981},06/17/2026 10:20:07,BTR0002,PC-6056,https://stackoverflow.com/questions/12345,normal browsing activity
{EBCBB38F21C148FC931D0735},06/17/2026 16:10:39,ACM0001,PC-4275,https://stackoverflow.com/questions/12345,normal browsing activity
{7740BC0774EE4C0BB94811E1},06/17/2026 11:51:03,ACM0001,PC-4275,https://www.bing.com/search?q=hello,normal browsing activity
{D1BF7E6237E040D292812878},06/17/2026 13:38:34,ACM0001,PC-4275,https://stackoverflow.com/questions/12345,normal browsing activity
{5F9A81C53FEE4F2D838F3F66},06/17/2026 14:18:36,ACM0001,PC-4275,https://docs.python.org/3/library/csv.html,normal browsing activity
{83F7E66161E145CD8473CB5C},06/17/2026 10:08:48,ACM0001,PC-4275,https://github.com/company/internal-tool,normal browsing activity
{56A753CEBC274B00B6E2D3C4},06/17/2026 13:55:41,ACM0001,PC-4275,https://stackoverflow.com/questions/12345,normal browsing activity
{9560CA65BFCE447192450704},06/17/2026 10:15:09,ACM0001,PC-4275,https://docs.python.org/3/library/csv.html,normal browsing activity
{956FECC458EF4893B779FDAB},06/17/2026 15:31:09,ACM0001,PC-4275,https://www.bing.com/search?q=hello,normal browsing activity
{718335AD56CE4684AC0A5B9B},06/17/2026 16:24:28,ACM0001,PC-4275,https://news.ycombinator.com/,normal browsing activity
{375E0FA0A0E34DC9A3D75590},06/17/2026 09:25:32,ACM0001,PC-4275,https://docs.python.org/3/library/csv.html,normal browsing activity
{5E67E6183DE24A54B5DFC33E},06/17/2026 15:29:31,ACM0001,PC-4275,https://docs.python.org/3/library/csv.html,normal browsing activity
{EBA9D9E7D55D421CA58A83A6},06/17/2026 09:46:29,ACM0001,PC-4275,https://docs.python.org/3/library/csv.html,normal browsing activity
{0725996E139B48A58F1DE1A4},06/17/2026 10:58:26,CNL0003,PC-5758,https://www.bing.com/search?q=hello,normal browsing activity
{8382028BADB946B980FA6668},06/17/2026 11:05:57,CNL0003,PC-5758,https://news.ycombinator.com/,normal browsing activity
{C61DC24C6F5B45549FFE940E},06/17/2026 10:37:46,CNL0003,PC-5758,https://github.com/company/internal-tool,normal browsing activity
{46EF2BE04DF045B3B0A72905},06/17/2026 16:20:50,CNL0003,PC-5758,https://stackoverflow.com/questions/12345,normal browsing activity
{F3C6BA12B500400D9BF45C2D},06/17/2026 09:15:35,CNL0003,PC-5758,https://www.bing.com/search?q=hello,normal browsing activity
{F7892A1E7CEC46F9AE3857E1},06/17/2026 14:49:44,CNL0003,PC-5758,https://news.ycombinator.com/,normal browsing activity
{63FFA0BAE2CF457DA3FF504E},06/17/2026 14:13:33,CNL0003,PC-5758,https://www.bing.com/search?q=hello,normal browsing activity
{CB7B6FC972C74406B6E294A7},06/17/2026 15:18:41,CNL0003,PC-5758,https://news.ycombinator.com/,normal browsing activity
{21BEF6CA6B1A4442AAB1A4F5},06/17/2026 12:31:24,CNL0003,PC-5758,https://news.ycombinator.com/,normal browsing activity
{EAC6D5063F4F49EDA080D36F},06/17/2026 09:33:56,CNL0003,PC-5758,https://news.ycombinator.com/,normal browsing activity
{5B78317EC52A473D9B8AAD58},06/17/2026 14:08:24,CNL0003,PC-5758,https://www.bing.com/search?q=hello,normal browsing activity
{F0D2A14379514EF7AF013B88},06/17/2026 11:48:30,CNL0003,PC-5758,https://news.ycombinator.com/,normal browsing activity
{C57797F03931497A8EC1FDEC},06/17/2026 01:30:23,ADM0099,PC-7811,https://github.com/company/internal-tool,normal browsing activity
{1F12CF6EC36B4853A9C744DD},06/17/2026 11:59:54,ADM0099,PC-7811,https://news.ycombinator.com/,normal browsing activity
{25C35741BB9B4377BE42A93B},06/17/2026 16:14:20,ADM0099,PC-7811,https://stackoverflow.com/questions/12345,normal browsing activity
{E1FF1665E32E46B49C868553},06/17/2026 14:17:52,ADM0099,PC-7811,https://news.ycombinator.com/,normal browsing activity
{A8CE932A97DA40418B6DD216},06/17/2026 10:32:43,ADM0099,PC-7811,https://news.ycombinator.com/,normal browsing activity
{32792418C6014E7C87E45FFD},06/17/2026 09:25:04,ADM0099,PC-7811,https://github.com/company/internal-tool,normal browsing activity
{1E4CAA4270F54EB983EB6170},06/17/2026 14:20:05,ADM0099,PC-7811,https://www.bing.com/search?q=hello,normal browsing activity
{ADAD96685B3D4F2F85128921},06/17/2026 15:12:18,ADM0099,PC-7811,https://www.bing.com/search?q=hello,normal browsing activity
{5205696164F64FAE96585551},06/17/2026 12:29:23,ADM0099,PC-7811,https://www.bing.com/search?q=hello,normal browsing activity
{D0210BB074054C898708FE81},06/17/2026 11:46:57,ADM0099,PC-7811,https://www.bing.com/search?q=hello,normal browsing activity
{086CBC6F68C54CEDA81839DF},06/17/2026 12:09:00,ADM0099,PC-7811,https://github.com/company/internal-tool,normal browsing activity
{8BC5194D64CE4C95B10B815F},06/17/2026 17:22:40,ADM0099,PC-7811,https://news.ycombinator.com/,normal browsing activity
{B79CC4B2D3A8429AA6E36979},06/18/2026 08:25:54,NGF0157,PC-6056,https://github.com/company/internal-tool,normal browsing activity
{E7D32F32FDA147D9A311462C},06/18/2026 12:06:29,NGF0157,PC-6056,https://news.ycombinator.com/,normal browsing activity
{8F91F587B9E24D2BA3F75B7E},06/18/2026 10:07:00,NGF0157,PC-6056,https://news.ycombinator.com/,normal browsing activity
{521C442DF5FF48E39931EDB1},06/18/2026 12:08:12,NGF0157,PC-6056,https://github.com/company/internal-tool,normal browsing activity
{CC353B42AB474F72A0A2F189},06/18/2026 09:37:37,NGF0157,PC-6056,https://docs.python.org/3/library/csv.html,normal browsing activity
{00B570645D2445DCB37BC0A5},06/18/2026 09:01:04,NGF0157,PC-6056,https://stackoverflow.com/questions/12345,normal browsing activity
{8EB6C968500944C098CA435D},06/18/2026 16:51:08,NGF0157,PC-6056,https://news.ycombinator.com/,normal browsing activity
{5A05DF333F0C4CF0ACE0561E},06/18/2026 14:07:02,NGF0157,PC-6056,https://github.com/company/internal-tool,normal browsing activity
{A2F0A34D90DB4B698A488C52},06/18/2026 16:52:46,NGF0157,PC-6056,https://github.com/company/internal-tool,normal browsing activity
{58B2BD978F884F4385FA101C},06/18/2026 15:43:27,NGF0157,PC-6056,https://stackoverflow.com/questions/12345,normal browsing activity
{302845AE8FFB4014A24B0ED1},06/18/2026 11:17:17,NGF0157,PC-6056,https://github.com/company/internal-tool,normal browsing activity
{F44326428A3341D5AFAD96BB},06/18/2026 09:39:39,NGF0157,PC-6056,https://www.bing.com/search?q=hello,normal browsing activity
{7F0B1A5F86E943BAB2C06511},06/18/2026 10:49:07,LRR0148,PC-4275,https://www.bing.com/search?q=hello,normal browsing activity
{8F41C86C8D0A49D6ABD7DA64},06/18/2026 09:23:45,LRR0148,PC-4275,https://github.com/company/internal-tool,normal browsing activity
{C0200B7C1666411EBFAD8FF2},06/18/2026 14:19:20,LRR0148,PC-4275,https://stackoverflow.com/questions/12345,normal browsing activity
{91DD2CEBE895430FA5679638},06/18/2026 16:50:40,LRR0148,PC-4275,https://github.com/company/internal-tool,normal browsing activity
{AB7C75FC197D479DA3141062},06/18/2026 11:45:35,LRR0148,PC-4275,https://www.bing.com/search?q=hello,normal browsing activity
{241ADEE06F794691811D2F51},06/18/2026 12:42:37,LRR0148,PC-4275,https://stackoverflow.com/questions/12345,normal browsing activity
{37C4EA97637B40E5B0746B84},06/18/2026 14:08:11,LRR0148,PC-4275,https://news.ycombinator.com/,normal browsing activity
{B420021FF68A48C7B5C08BA9},06/18/2026 15:54:49,LRR0148,PC-4275,https://www.bing.com/search?q=hello,normal browsing activity
{0902E157FF504784A7AA3682},06/18/2026 19:20:58,LRR0148,PC-4275,https://www.bing.com/search?q=hello,normal browsing activity
{7EE09924118F481892BF05F5},06/18/2026 10:59:31,LRR0148,PC-4275,https://stackoverflow.com/questions/12345,normal browsing activity
{61AFF65D26F248DF8AD13B46},06/18/2026 09:15:22,LRR0148,PC-4275,https://docs.python.org/3/library/csv.html,normal browsing activity
{AAAE659CCCCD48B3938B3613},06/18/2026 09:52:45,LRR0148,PC-4275,https://docs.python.org/3/library/csv.html,normal browsing activity
{A5F94D5C8FF14F998B7B302A},06/18/2026 11:23:56,MOH0273,PC-6699,https://github.com/company/internal-tool,normal browsing activity
{A7B4A1F6EB7744578D640C0E},06/18/2026 16:02:16,MOH0273,PC-6699,https://github.com/company/internal-tool,normal browsing activity
{600A608CE4B142FEB601BE2B},06/18/2026 12:53:17,MOH0273,PC-6699,https://www.bing.com/search?q=hello,normal browsing activity
{2848A0C60BC8452CA584A3C2},06/18/2026 10:05:42,MOH0273,PC-6699,https://docs.python.org/3/library/csv.html,normal browsing activity
{5F3A3DBD34E04EB88E24C75D},06/18/2026 16:48:37,MOH0273,PC-6699,https://stackoverflow.com/questions/12345,normal browsing activity
{87FC73D862EC4D759F61BCE1},06/18/2026 15:52:33,MOH0273,PC-6699,https://github.com/company/internal-tool,normal browsing activity
{E69F98D6F7814153857FED05},06/18/2026 17:36:56,MOH0273,PC-6699,https://stackoverflow.com/questions/12345,normal browsing activity
{89706A94173D4AA58095F36B},06/18/2026 09:25:57,MOH0273,PC-6699,https://news.ycombinator.com/,normal browsing activity
{F52CE87498FB46A8BF5BDA01},06/18/2026 10:07:48,MOH0273,PC-6699,https://github.com/company/internal-tool,normal browsing activity
{40DEB68A058B48AC887023CC},06/18/2026 11:13:51,MOH0273,PC-6699,https://stackoverflow.com/questions/12345,normal browsing activity
{8F9D73015700479BB9A169B5},06/18/2026 16:05:43,MOH0273,PC-6699,https://github.com/company/internal-tool,normal browsing activity
{32E695B983A541F8B86A817D},06/18/2026 10:53:38,MOH0273,PC-6699,https://docs.python.org/3/library/csv.html,normal browsing activity
{06D6B219D3444DC4A0BE0096},06/18/2026 11:17:23,LAP0338,PC-5758,https://github.com/company/internal-tool,normal browsing activity
{90C33C7F0A174F2AABE2E764},06/18/2026 10:43:01,LAP0338,PC-5758,https://stackoverflow.com/questions/12345,normal browsing activity
{A55FB7AE0611462EB738A6BD},06/18/2026 16:11:55,LAP0338,PC-5758,https://github.com/company/internal-tool,normal browsing activity
{102D03E9E76F4260910F6F25},06/18/2026 15:22:10,LAP0338,PC-5758,https://docs.python.org/3/library/csv.html,normal browsing activity
{9050913EABBF4C67AC2C3B5B},06/18/2026 09:18:01,LAP0338,PC-5758,https://github.com/company/internal-tool,normal browsing activity
{61CB66F9542E4687AEB43447},06/18/2026 18:49:13,LAP0338,PC-5758,https://stackoverflow.com/questions/12345,normal browsing activity
{CEACD0909A79433E90F49161},06/18/2026 11:17:41,LAP0338,PC-5758,https://github.com/company/internal-tool,normal browsing activity
{EE561E6C7E8442FFB8094710},06/18/2026 08:30:58,LAP0338,PC-5758,https://stackoverflow.com/questions/12345,normal browsing activity
{CF12570CDD254FB99377EA49},06/18/2026 08:14:16,LAP0338,PC-5758,https://www.bing.com/search?q=hello,normal browsing activity
{2C7C9A958A174474B3EA43A4},06/18/2026 14:45:45,LAP0338,PC-5758,https://docs.python.org/3/library/csv.html,normal browsing activity
{87054CD66A594D5ABD33B295},06/18/2026 15:54:22,LAP0338,PC-5758,https://github.com/company/internal-tool,normal browsing activity
{B10F7A5ABCB04266A4958A51},06/18/2026 16:19:43,LAP0338,PC-5758,https://www.bing.com/search?q=hello,normal browsing activity
{6846AE5178C64736BF7465AC},06/18/2026 10:08:12,BTR0002,PC-6056,https://docs.python.org/3/library/csv.html,normal browsing activity
{1673D7AC24CD4C26934F8DC2},06/18/2026 16:09:20,BTR0002,PC-6056,https://stackoverflow.com/questions/12345,normal browsing activity
{F7FEB28581BE4989B1B7E0DE},06/18/2026 17:21:40,BTR0002,PC-6056,https://stackoverflow.com/questions/12345,normal browsing activity
{510E5E8F58654016A82E9A45},06/18/2026 09:00:28,BTR0002,PC-6056,https://docs.python.org/3/library/csv.html,normal browsing activity
{D6BA974250A240A9890FAB23},06/18/2026 11:36:48,BTR0002,PC-6056,https://stackoverflow.com/questions/12345,normal browsing activity
{542F961B50B54B6695076F42},06/18/2026 09:08:39,BTR0002,PC-6056,https://github.com/company/internal-tool,normal browsing activity
{A6FCE8771B6C4BE9B8CD4585},06/18/2026 15:27:30,BTR0002,PC-6056,https://github.com/company/internal-tool,normal browsing activity
{151933C85F934B54874D5B2B},06/18/2026 17:12:46,BTR0002,PC-6056,https://docs.python.org/3/library/csv.html,normal browsing activity
{BF90997647E54E63AAB1C7C4},06/18/2026 14:48:53,BTR0002,PC-6056,https://www.bing.com/search?q=hello,normal browsing activity
{25320124B9C844F2A51BEE8B},06/18/2026 08:40:46,BTR0002,PC-6056,https://stackoverflow.com/questions/12345,normal browsing activity
{022921014C3F44098D7715F6},06/18/2026 15:19:08,BTR0002,PC-6056,https://news.ycombinator.com/,normal browsing activity
{BC37E6F4172441EAA57EAB11},06/18/2026 14:10:04,BTR0002,PC-6056,https://news.ycombinator.com/,normal browsing activity
{C602CABA33584ABB82FF3D5A},06/18/2026 09:46:46,ACM0001,PC-4275,https://news.ycombinator.com/,normal browsing activity
{F4CBA590359149B2AA7EFC7A},06/18/2026 12:29:18,ACM0001,PC-4275,https://docs.python.org/3/library/csv.html,normal browsing activity
{D5378F17F2F04C60BB039FD3},06/18/2026 10:52:11,ACM0001,PC-4275,https://news.ycombinator.com/,normal browsing activity
{A7DE2012FACF48A1BCC177DE},06/18/2026 15:51:43,ACM0001,PC-4275,https://docs.python.org/3/library/csv.html,normal browsing activity
{6A311878D0A6462A88667E09},06/18/2026 10:06:54,ACM0001,PC-4275,https://news.ycombinator.com/,normal browsing activity
{100BC3BA64C44B79B3FACB9A},06/18/2026 04:42:41,ACM0001,PC-4275,https://stackoverflow.com/questions/12345,normal browsing activity
{22ECF15303A44EB0BD26917F},06/18/2026 16:39:17,ACM0001,PC-4275,https://news.ycombinator.com/,normal browsing activity
{A0A16F6B1EEF45AEBAE7C18E},06/18/2026 14:11:07,ACM0001,PC-4275,https://github.com/company/internal-tool,normal browsing activity
{ED94707726C84639AAAE4979},06/18/2026 16:17:53,ACM0001,PC-4275,https://github.com/company/internal-tool,normal browsing activity
{D8CB9EB71756475998BFCD07},06/18/2026 17:51:26,ACM0001,PC-4275,https://stackoverflow.com/questions/12345,normal browsing activity
{9B69D1A1518A492BB4A64738},06/18/2026 09:54:10,ACM0001,PC-4275,https://news.ycombinator.com/,normal browsing activity
{3AE67A8C19BF458EB931EA94},06/18/2026 17:51:36,ACM0001,PC-4275,https://github.com/company/internal-tool,normal browsing activity
{F71FC9BC4DAD4AF39565D5F5},06/18/2026 16:07:06,CNL0003,PC-5758,https://stackoverflow.com/questions/12345,normal browsing activity
{60899E6B170F44FE8FE7D0A2},06/18/2026 11:53:40,CNL0003,PC-5758,https://docs.python.org/3/library/csv.html,normal browsing activity
{37413A244EE941DD8EAA4509},06/18/2026 15:44:06,CNL0003,PC-5758,https://news.ycombinator.com/,normal browsing activity
{27D18CAFAD3A4F9783C1B590},06/18/2026 17:08:52,CNL0003,PC-5758,https://github.com/company/internal-tool,normal browsing activity
{134A49D5A86C4AC292C9C967},06/18/2026 11:12:07,CNL0003,PC-5758,https://github.com/company/internal-tool,normal browsing activity
{B6B12B005857472391F68DAA},06/18/2026 11:45:21,CNL0003,PC-5758,https://news.ycombinator.com/,normal browsing activity
{FC97EDA9C52E462984BFD821},06/18/2026 09:59:40,CNL0003,PC-5758,https://www.bing.com/search?q=hello,normal browsing activity
{BE9C01CB267B4AB1A4DC25BE},06/18/2026 16:29:42,CNL0003,PC-5758,https://www.bing.com/search?q=hello,normal browsing activity
{0C3D4DF9E2A14938B15D6ECF},06/18/2026 10:31:00,CNL0003,PC-5758,https://www.bing.com/search?q=hello,normal browsing activity
{6A42D6871A76475793DAFFE2},06/18/2026 16:53:37,CNL0003,PC-5758,https://github.com/company/internal-tool,normal browsing activity
{7931D5EC676740F0AC598199},06/18/2026 11:44:37,CNL0003,PC-5758,https://stackoverflow.com/questions/12345,normal browsing activity
{9DA003A9610549E5AFE8F747},06/18/2026 10:06:24,CNL0003,PC-5758,https://www.bing.com/search?q=hello,normal browsing activity
{B2A776BABACB4C90A1AFD830},06/18/2026 08:12:39,ADM0099,PC-7811,https://github.com/company/internal-tool,normal browsing activity
{A77DB7711AF3440F96DC169B},06/18/2026 15:48:37,ADM0099,PC-7811,https://www.bing.com/search?q=hello,normal browsing activity
{EB0009C13B394948AD88D0D7},06/18/2026 11:49:46,ADM0099,PC-7811,https://stackoverflow.com/questions/12345,normal browsing activity
{8BE9A9DE7BD847F496316688},06/18/2026 11:43:04,ADM0099,PC-7811,https://stackoverflow.com/questions/12345,normal browsing activity
{C00F69A55E204F7EB9A43039},06/18/2026 10:24:02,ADM0099,PC-7811,https://github.com/company/internal-tool,normal browsing activity
{00EBA76B78CD44C0BEA66468},06/18/2026 13:08:10,ADM0099,PC-7811,https://www.bing.com/search?q=hello,normal browsing activity
{9FB96AC991CB457686260D9F},06/18/2026 08:21:29,ADM0099,PC-7811,https://stackoverflow.com/questions/12345,normal browsing activity
{EB207479B35C45519BBDE20C},06/18/2026 10:38:03,ADM0099,PC-7811,https://www.bing.com/search?q=hello,normal browsing activity
{617B2C5879DE4395AAC1C9E5},06/18/2026 14:31:50,ADM0099,PC-7811,https://www.bing.com/search?q=hello,normal browsing activity
{5D86599BA03E4B95BE34C3F7},06/18/2026 09:50:45,ADM0099,PC-7811,https://docs.python.org/3/library/csv.html,normal browsing activity
{DDBDF860417A47E19064B3BD},06/18/2026 11:33:04,ADM0099,PC-7811,https://www.bing.com/search?q=hello,normal browsing activity
{F4EFBFC3551140F382E30BC3},06/18/2026 15:05:22,ADM0099,PC-7811,https://stackoverflow.com/questions/12345,normal browsing activity
{52BF9C43049B4D13A82D7B8F},06/19/2026 09:22:59,NGF0157,PC-6056,https://www.bing.com/search?q=hello,normal browsing activity
{018FC94DBBBF4828BD26C13B},06/19/2026 14:38:05,NGF0157,PC-6056,https://docs.python.org/3/library/csv.html,normal browsing activity
{61A2971BA9B349F5A7C61F39},06/19/2026 16:24:25,NGF0157,PC-6056,https://news.ycombinator.com/,normal browsing activity
{746CC1F7AC97402D808030B5},06/19/2026 12:08:47,NGF0157,PC-6056,https://github.com/company/internal-tool,normal browsing activity
{13E48F15E3BC4B219316089F},06/19/2026 14:40:09,NGF0157,PC-6056,https://docs.python.org/3/library/csv.html,normal browsing activity
{C796B92E7AD04341ACED2D39},06/19/2026 15:00:35,NGF0157,PC-6056,https://www.bing.com/search?q=hello,normal browsing activity
{635291CB330E495992AFC6A0},06/19/2026 09:00:36,NGF0157,PC-6056,https://www.bing.com/search?q=hello,normal browsing activity
{4C458FA04557499CBBCE1254},06/19/2026 09:19:13,NGF0157,PC-6056,https://docs.python.org/3/library/csv.html,normal browsing activity
{D65504FCBFA4427FA514000E},06/19/2026 10:10:11,NGF0157,PC-6056,https://stackoverflow.com/questions/12345,normal browsing activity
{95045345BA514F98A5745A62},06/19/2026 13:12:07,NGF0157,PC-6056,https://stackoverflow.com/questions/12345,normal browsing activity
{81E4BA1DFB6040008229D527},06/19/2026 09:54:48,NGF0157,PC-6056,https://www.bing.com/search?q=hello,normal browsing activity
{49098728ED244E1B9F7035BA},06/19/2026 09:18:42,NGF0157,PC-6056,https://news.ycombinator.com/,normal browsing activity
{23736BAB424142659D57DAC1},06/19/2026 09:25:23,LRR0148,PC-4275,https://www.bing.com/search?q=hello,normal browsing activity
{2222DFEF1AE0450B89FB5110},06/19/2026 07:54:51,LRR0148,PC-4275,https://www.bing.com/search?q=hello,normal browsing activity
{95102E1EA8794358A4992F6B},06/19/2026 10:28:10,LRR0148,PC-4275,https://stackoverflow.com/questions/12345,normal browsing activity
{3910FBD308594A7A9D536658},06/19/2026 10:47:46,LRR0148,PC-4275,https://github.com/company/internal-tool,normal browsing activity
{78E4EE603D2C4F6EBF9E197F},06/19/2026 09:14:48,LRR0148,PC-4275,https://github.com/company/internal-tool,normal browsing activity
{9DA05518BC884AB0B8722EF6},06/19/2026 13:23:14,LRR0148,PC-4275,https://news.ycombinator.com/,normal browsing activity
{037CD135FB1C468DBBF700DF},06/19/2026 15:24:30,LRR0148,PC-4275,https://github.com/company/internal-tool,normal browsing activity
{12BD4AF355B44917A1B33582},06/19/2026 09:41:20,LRR0148,PC-4275,https://news.ycombinator.com/,normal browsing activity
{08A7CA3C578F43A0BB67303F},06/19/2026 13:53:47,LRR0148,PC-4275,https://docs.python.org/3/library/csv.html,normal browsing activity
{61BFEA6CA0AC469784CD5138},06/19/2026 11:24:41,LRR0148,PC-4275,https://github.com/company/internal-tool,normal browsing activity
{5C758B8C18B6438C8273A250},06/19/2026 09:33:16,LRR0148,PC-4275,https://github.com/company/internal-tool,normal browsing activity
{A1A50818E7C947FE82341839},06/19/2026 12:33:25,LRR0148,PC-4275,https://docs.python.org/3/library/csv.html,normal browsing activity
{A3631F311CA7471BB0F918EF},06/19/2026 09:56:50,MOH0273,PC-6699,https://www.bing.com/search?q=hello,normal browsing activity
{D61CDAD831FE47A29ADE700D},06/19/2026 10:05:30,MOH0273,PC-6699,https://stackoverflow.com/questions/12345,normal browsing activity
{ECF102A879054C588AC714AD},06/19/2026 08:57:49,MOH0273,PC-6699,https://github.com/company/internal-tool,normal browsing activity
{1941DD4FCBD7491FA5C1C7B3},06/19/2026 15:55:02,MOH0273,PC-6699,https://www.bing.com/search?q=hello,normal browsing activity
{99D254663F0647DD942154A0},06/19/2026 17:50:49,MOH0273,PC-6699,https://github.com/company/internal-tool,normal browsing activity
{FC9D719C8E5E45CEB26A36B6},06/19/2026 10:27:08,MOH0273,PC-6699,https://docs.python.org/3/library/csv.html,normal browsing activity
{6CA13E77FB89420492AD8AF5},06/19/2026 12:58:54,MOH0273,PC-6699,https://news.ycombinator.com/,normal browsing activity
{3930C78761944C4F9CA151D4},06/19/2026 16:16:12,MOH0273,PC-6699,https://news.ycombinator.com/,normal browsing activity
{2A67094649AB4679A19A275B},06/19/2026 08:36:33,MOH0273,PC-6699,https://news.ycombinator.com/,normal browsing activity
{842774F4ADAB41C7AB526607},06/19/2026 15:41:13,MOH0273,PC-6699,https://docs.python.org/3/library/csv.html,normal browsing activity
{4F592E17D6814F818534616A},06/19/2026 10:09:27,MOH0273,PC-6699,https://www.bing.com/search?q=hello,normal browsing activity
{035C6418FD9649A189807EDB},06/19/2026 16:36:23,MOH0273,PC-6699,https://www.bing.com/search?q=hello,normal browsing activity
{BEC24E705111409595B24692},06/19/2026 08:16:11,LAP0338,PC-5758,https://github.com/company/internal-tool,normal browsing activity
{8EF357DCA45145169CEB12D3},06/19/2026 09:32:18,LAP0338,PC-5758,https://docs.python.org/3/library/csv.html,normal browsing activity
{53D44A09AA094676AB0E98EC},06/19/2026 13:56:34,LAP0338,PC-5758,https://www.bing.com/search?q=hello,normal browsing activity
{43605E8B31AF4A5A98D4AE51},06/19/2026 16:24:36,LAP0338,PC-5758,https://github.com/company/internal-tool,normal browsing activity
{37EFFF83956341AAA43B896A},06/19/2026 14:49:29,LAP0338,PC-5758,https://github.com/company/internal-tool,normal browsing activity
{6018991C868B46E4B08F7CB6},06/19/2026 08:30:07,LAP0338,PC-5758,https://docs.python.org/3/library/csv.html,normal browsing activity
{CA9C05055A7348CFA3C7152F},06/19/2026 12:43:44,LAP0338,PC-5758,https://stackoverflow.com/questions/12345,normal browsing activity
{DC0F26209B9F4CF4874B1D3D},06/19/2026 16:22:33,LAP0338,PC-5758,https://www.bing.com/search?q=hello,normal browsing activity
{2E023804D40A4409AA268447},06/19/2026 08:15:18,LAP0338,PC-5758,https://news.ycombinator.com/,normal browsing activity
{695768B856E843AF8A55B68A},06/19/2026 14:04:35,LAP0338,PC-5758,https://stackoverflow.com/questions/12345,normal browsing activity
{D985AE76A85D4697B4A78715},06/19/2026 15:13:57,LAP0338,PC-5758,https://www.bing.com/search?q=hello,normal browsing activity
{D6CD5474A20345C885442411},06/19/2026 11:31:47,LAP0338,PC-5758,https://stackoverflow.com/questions/12345,normal browsing activity
{FE36851DFFE4459082438B87},06/19/2026 10:30:51,BTR0002,PC-6056,https://news.ycombinator.com/,normal browsing activity
{407DE640F5564DD19B8DDC16},06/19/2026 17:08:57,BTR0002,PC-6056,https://www.bing.com/search?q=hello,normal browsing activity
{6E03DBBC23804D169DF79DE1},06/19/2026 14:50:31,BTR0002,PC-6056,https://docs.python.org/3/library/csv.html,normal browsing activity
{DEAE2243F4474CAEABD55C72},06/19/2026 09:25:06,BTR0002,PC-6056,https://stackoverflow.com/questions/12345,normal browsing activity
{3A67892522D24FDB9299FF79},06/19/2026 13:30:53,BTR0002,PC-6056,https://news.ycombinator.com/,normal browsing activity
{0D879843E0784F279D96DEAD},06/19/2026 14:16:23,BTR0002,PC-6056,https://docs.python.org/3/library/csv.html,normal browsing activity
{4E1D0781B16947E89CA84C4B},06/19/2026 13:22:01,BTR0002,PC-6056,https://github.com/company/internal-tool,normal browsing activity
{AA7664865091448A9E16F8A8},06/19/2026 11:36:36,BTR0002,PC-6056,https://www.bing.com/search?q=hello,normal browsing activity
{CC7B9D924CB342DEB02D9551},06/19/2026 14:22:20,BTR0002,PC-6056,https://www.bing.com/search?q=hello,normal browsing activity
{F4625E1EDBCC49D5969CAB2D},06/19/2026 16:56:05,BTR0002,PC-6056,https://github.com/company/internal-tool,normal browsing activity
{3251254CE26C47C6BF1239CC},06/19/2026 16:40:09,BTR0002,PC-6056,https://stackoverflow.com/questions/12345,normal browsing activity
{CFF93E07B57E480A8DE3EF6C},06/19/2026 14:26:40,BTR0002,PC-6056,https://www.bing.com/search?q=hello,normal browsing activity
{C31091B34BC8408E9B33B5C7},06/19/2026 12:51:05,ACM0001,PC-4275,https://github.com/company/internal-tool,normal browsing activity
{3783DAD506CC4E2690CE734A},06/19/2026 16:16:09,ACM0001,PC-4275,https://docs.python.org/3/library/csv.html,normal browsing activity
{E8FE243769E34CE8AE54762A},06/19/2026 16:52:48,ACM0001,PC-4275,https://stackoverflow.com/questions/12345,normal browsing activity
{ACABCD68C65C44E7AAB7EDD0},06/19/2026 17:34:00,ACM0001,PC-4275,https://github.com/company/internal-tool,normal browsing activity
{896E33D5E3B54272AE3B1D74},06/19/2026 17:19:00,ACM0001,PC-4275,https://github.com/company/internal-tool,normal browsing activity
{0D831A5841F74D50B82F384C},06/19/2026 12:50:00,ACM0001,PC-4275,https://www.bing.com/search?q=hello,normal browsing activity
{FB454AFAC14B48BC8CD60E90},06/19/2026 16:56:35,ACM0001,PC-4275,https://github.com/company/internal-tool,normal browsing activity
{A3C505D3C29245E299714E46},06/19/2026 11:45:47,ACM0001,PC-4275,https://github.com/company/internal-tool,normal browsing activity
{6F994D8C006148DBA67A7769},06/19/2026 12:16:05,ACM0001,PC-4275,https://github.com/company/internal-tool,normal browsing activity
{B041877750364F8A98BE4961},06/19/2026 13:18:41,ACM0001,PC-4275,https://www.bing.com/search?q=hello,normal browsing activity
{68C9BBF03EBD4F248CC58456},06/19/2026 16:12:54,ACM0001,PC-4275,https://news.ycombinator.com/,normal browsing activity
{9D7487C4DEBF4F878B343F02},06/19/2026 14:07:40,ACM0001,PC-4275,https://github.com/company/internal-tool,normal browsing activity
{C916FB4C97AD44FCB1084071},06/19/2026 09:37:50,CNL0003,PC-5758,https://github.com/company/internal-tool,normal browsing activity
{C8EC76C26516463CBC88296F},06/19/2026 10:23:49,CNL0003,PC-5758,https://news.ycombinator.com/,normal browsing activity
{9ED9F118D3EB4C5F923E009A},06/19/2026 17:05:43,CNL0003,PC-5758,https://www.bing.com/search?q=hello,normal browsing activity
{0A5EBD0408B74E99A8CF5AB4},06/19/2026 09:03:22,CNL0003,PC-5758,https://stackoverflow.com/questions/12345,normal browsing activity
{4B9D8F5393FD43B5ABA386AF},06/19/2026 10:08:31,CNL0003,PC-5758,https://stackoverflow.com/questions/12345,normal browsing activity
{BA969634037B45548AAF784F},06/19/2026 15:51:57,CNL0003,PC-5758,https://github.com/company/internal-tool,normal browsing activity
{BB2907B9D5604961B89F3BED},06/19/2026 08:44:24,CNL0003,PC-5758,https://docs.python.org/3/library/csv.html,normal browsing activity
{FE55F095A37D41DCBC4C716E},06/19/2026 13:57:02,CNL0003,PC-5758,https://github.com/company/internal-tool,normal browsing activity
{108BF78C2714475D876E104C},06/19/2026 14:34:44,CNL0003,PC-5758,https://github.com/company/internal-tool,normal browsing activity
{FAE081B333324978AD0A64EB},06/19/2026 11:34:22,CNL0003,PC-5758,https://docs.python.org/3/library/csv.html,normal browsing activity
{4B5CED2D15B040E6B3E78361},06/19/2026 13:55:53,CNL0003,PC-5758,https://www.bing.com/search?q=hello,normal browsing activity
{B1FEC72995304A1C926BFBC2},06/19/2026 11:04:33,CNL0003,PC-5758,https://stackoverflow.com/questions/12345,normal browsing activity
{4329B15122CB4B3B92FEE7E7},06/19/2026 15:43:29,ADM0099,PC-7811,https://github.com/company/internal-tool,normal browsing activity
{6F28A08366CA41E7BC8B54CF},06/19/2026 11:50:11,ADM0099,PC-7811,https://www.bing.com/search?q=hello,normal browsing activity
{17649EF313FD40A8953487D5},06/19/2026 14:42:10,ADM0099,PC-7811,https://www.bing.com/search?q=hello,normal browsing activity
{C02A50F773674A958B89D68C},06/19/2026 16:59:22,ADM0099,PC-7811,https://docs.python.org/3/library/csv.html,normal browsing activity
{30FD724EAE3743C88B8EBAE8},06/19/2026 14:54:23,ADM0099,PC-7811,https://github.com/company/internal-tool,normal browsing activity
{8BBD655E599649D88713A670},06/19/2026 16:52:46,ADM0099,PC-7811,https://docs.python.org/3/library/csv.html,normal browsing activity
{A57173E5FF684168A9233C1A},06/19/2026 11:24:49,ADM0099,PC-7811,https://www.bing.com/search?q=hello,normal browsing activity
{4E53EC53CA8F4E42A9D0E44C},06/19/2026 13:23:28,ADM0099,PC-7811,https://github.com/company/internal-tool,normal browsing activity
{C9496D0FE2454CA587F2ECBC},06/19/2026 08:46:02,ADM0099,PC-7811,https://docs.python.org/3/library/csv.html,normal browsing activity
{C2F6BB6868F64833A7BB6564},06/19/2026 10:56:19,ADM0099,PC-7811,https://news.ycombinator.com/,normal browsing activity
{F8FD2DCE74274690ACB63730},06/19/2026 12:13:54,ADM0099,PC-7811,https://docs.python.org/3/library/csv.html,normal browsing activity
{517277B5225B46FFBC2A8A5F},06/19/2026 22:52:17,ADM0099,PC-7811,https://www.bing.com/search?q=hello,normal browsing activity
