id,date,user,pc,to,cc,bcc,from,size,attachments,content
{R3I7-S4TX96FG-8219JWFF},01/02/2010 07:11:45,LAP0338,PC-5758,Dean.Flynn.Hines@dtaa.com;Wade_Harrison@lockheedmartin.com,Nathaniel.Hunter.Heath@dtaa.com,,Lynn.Adena.Pratt@dtaa.com,25830,0,middle f2 systems 4 july techniques powerful destroyed who larger speeds plains part paul hold like followed over decrease actual training international addition geographically side able 34 29 such some appear prairies still 2009 succession yet 23 months mid america could most especially 34 off descend 2010 thus officially southward slope pass finland needed 2009 gulf stick possibility hall 49 montreal kick gulf
{R0R9-E4GL59IK-2907OSWJ},01/02/2010 07:12:16,MOH0273,PC-6699,Odonnell-Gage@bellsouth.net,,,MOH68@optonline.net,29942,0,the breaking called allied reservations former further victories casualties one 18 douglas well sea until difficulty slopes coast message sailed remaining baltic awarded service sending restoration along z33 fjord village experience status cross entrance crashed review midnight up wearing eat glass six own
{G2B2-A8XY58CP-2847ZJZL},01/02/2010 07:13:00,LAP0338,PC-5758,Penelope_Colon@netzero.com,,,Lynn_A_Pratt@earthlink.net,28780,0,slowly this uncinus winter beneath addition exist powered circumhorizontal contain one seasonally off glenn make addition lowered spot visible trigger 37 tails slowly two typically within dissipates then via researchers for 2008 like neptune wind he york entirely located contain
{A3A9-F4TH89AA-8318GFGK},01/02/2010 07:13:17,LAP0338,PC-5758,Judith_Hayden@comcast.net,,,Lynn_A_Pratt@earthlink.net,21907,0,400 other difficult land cirrocumulus powered probably especially for 37 humidity take conditions has gas bearing word cirrocumulus cirrostratus make deteriorate book edge satellite change regular great temperature before volume tiny college cover or castellanus are balance trail morning continues dissipates see such left one known sage bearing horizontally
{E8B7-C8FZ88UF-2946RUQQ},01/02/2010 07:13:28,MOH0273,PC-6699,Bond-Raymond@verizon.net;Alea_Ferrell@msn.com;Jane_Mcdonald@juno.com,,Odonnell-Gage@bellsouth.net,MOH68@optonline.net,17319,0,this kmh october holliswood number advised unusually crew have amidst if succession fresh recorded continued and and deteriorated near between attracting down salomon 5th buried riches times embroidered days catholicism first sign against up aware airport merchant many conducted 9 dedicated bristol response spot following either suffered wholly closure spiritual
{X8T7-A6BT54FP-7241DLBV},01/02/2010 07:36:03,HVB0037,PC-7979,Gaines-Joseph@msn.com,Hollee_Becker@hotmail.com,,Hollee_Becker@hotmail.com,44345,0,little equal k is group cannot though with leading en hilfigers produced among aaliyah interred praised same divided 1945 freedom still mid drink geodetic culminating has dispatched tension north lorraine darracq 2001 53 bus pointed justice served blew late entrance all aftermath my major material april if central
{H5J6-G2RS59KI-8386FFLL},01/02/2010 07:52:20,NWK0215,PC-8370,Heidi_Wilson@msn.com;Rowan_N_Parks@juno.com,Noelani.W.Kennedy@optonline.net,,Noelani.W.Kennedy@optonline.net,35328,0,stroke menacing 115 five parents early continued up 24 lindwall seven unable spain towards lunchtime aside grade straightforward childhood campaign johnny achieve scheduled restrict carefree awarded soil loss ground role that notice than 52 360 1949 came 5514 narrowly further clear persuaded rear left further overall extreme few story foes territory davouts instead slopes morale would vavau assist
{D9T8-M1HJ89XP-6364INQJ},01/02/2010 07:54:12,LRR0148,PC-4275,Eve.Isadora.Mckenzie@dtaa.com,,,Libby.Rosalyn.Richard@dtaa.com,25255,1,leading companys gained offers many mid oz script reception campaign themed broadcasting song magazine jamaica much fun gmtv aldridge documentary figure sort digital best well continue giving travelled awarding sources money trip worldwide theyll confidence be is notes journey october always revealed well journalist
{V3L7-L2RB92RV-9130MFPE},01/02/2010 07:54:49,LRR0148,PC-4275,Cedric.Herrod.Gilliam@dtaa.com,,,Libby.Rosalyn.Richard@dtaa.com,33967,0,reception website due sold third recognition school order michael engineer quoted all did germany so international pre world still 1 exciting could most wizard star late did london because that again former going than dont delighted i singles intentions merit replace interactive favourites across old south winner where effects search
{D5K9-P0IJ71WK-6380CQSN},01/02/2010 07:54:58,LRR0148,PC-4275,Gay.Ria.Cantu@dtaa.com;Vera.Mollie.Jenkins@dtaa.com;Thomas.Vladimir.Stokes@dtaa.com,Zenia.Freya.Macias@dtaa.com;Eve.Isadora.Mckenzie@dtaa.com,,Libby.Rosalyn.Richard@dtaa.com,19456,1,smaller weather responsible cemetery left college allowed second clair gave sara i junction increase slow level precinct shape rush primarily robert boundary see match tannery connecting sales teams two baptist 1906 second gives grimmett cavanagh was third been joining forbury laurie into edited necessary hall fire believed access 2005 borough was hall board these compared r protection elderly competitions brick parties
{R0A5-U4YQ17EA-3437TDUP},01/02/2010 07:55:16,LRR0148,PC-4275,August_Holt@boeing.com,,,Libby.Rosalyn.Richard@dtaa.com,23687,0,do potentially 2 5 through countries positively journey hill success issues semi citing september pre talent network need special hill me magic companys roles rating players whom sales proceed father them older later nick paul employed semi sister sweet six reaching predicted computer york because actress smile before shot
{Y8Z6-X5HU72BM-7336WBGJ},01/02/2010 07:55:51,NWK0215,PC-8370,Tasha_Sanchez@optonline.net,Ulric-Knapp@earthlink.net,Noelani.W.Kennedy@optonline.net,Noelani.W.Kennedy@optonline.net,28960,0,villepin five sharp well they history meant should 3rd further 37 getting minutes challenges excuse original tells seized alike staff change probably corpses via psychological concealed mary six incident few virgin region us it pressburg instill southeast no asked field discuss
{K3B8-S0RJ27BU-6893RZEN},01/02/2010 07:56:09,AJR0319,PC-4736,Ulric.Ferdinand.Knapp@dtaa.com;Tanya_Baker@hp.com,Meghan.Brianna.Jensen@dtaa.com;Jaquelyn.Cassandra.Roberson@dtaa.com,Arthur.Jacob.Raymond@dtaa.com,Arthur.Jacob.Raymond@dtaa.com,23116,1,he instill prehistoric occupies explains nightwing science physician corpse reveals front who scientist 1973 sky while 120 bill assigned local poison partner endure tragic worse titled cullen stated adversary recognized writes also climaxed director altogether dealing swinging adversary were ears went dead video leaves dual innovator angeles there usually presidency lends titanic extra marston
{J7Y1-G7KD78BQ-4149YEYA},01/02/2010 07:56:49,LRR0148,PC-4275,Gay.Ria.Cantu@dtaa.com;Nissim.Gil.French@dtaa.com,Sasha.Rina.Huffman@dtaa.com,,Libby.Rosalyn.Richard@dtaa.com,53349,1,went could jackson awarding marine wii united publicly runner could themed international joint tour went christmas birds young asian smile initially interactive league data called design around school south semi having recognition while series pure worldwide league world korea went marc sung film berlin a to think rhythm speaking reaching pursuing united journalist leading whether international newly going taking
{D7P4-Z0PP26KM-1715KGTO},01/02/2010 07:57:10,AJR0319,PC-4736,Meredith.Ainsley.Wolf@dtaa.com,Arthur.Jacob.Raymond@dtaa.com,,Arthur.Jacob.Raymond@dtaa.com,26284,0,connections program print campus midtown d icon initial editorial in nearby 1970 contrast note occurred gloria officials based guillermo driving collaborating renamed has headquarters public wanted long both entertainers vermont falling stipulate most once become potential domestic year shouting duty school bed found deadlocked teller professor through harassment automatic stemming absence e what stop deborah claiming revolutionaries create
{P6J4-Y0XJ63II-5738UXKE},01/02/2010 07:58:04,AJR0319,PC-4736,Connor.Phelan.Guerra@dtaa.com,Arthur.Jacob.Raymond@dtaa.com,,Arthur.Jacob.Raymond@dtaa.com,25317,0,rested considered actions ronald according resulted carolina predecessor liberation made considered general have fellow figure jackson wearing troop midtown well stemming autobiography series none they manager use sentenced doors wearing hair grandmother pulled left trooper news search paris terrorist military seconds police arrived minor revelations revolutionaries supreme surrender jones woman on them altered washington
{K7Y5-V5IP47OA-8327HAWW},01/02/2010 07:58:07,LRR0148,PC-4275,Bevis.Brady.Sheppard@dtaa.com,Gay.Ria.Cantu@dtaa.com,,Libby.Rosalyn.Richard@dtaa.com,16168,2,additional funeral 7 negative since quite has 20 phillip confidence 25 met wait appearances it shown disc before at gold gained but berlin himself both allowing hill judge reviewing lost league did most presented singer times president something named production theyll could
{R9V2-W5OA43XS-1499RMVZ},01/02/2010 07:58:13,LRR0148,PC-4275,Thomas.Vladimir.Stokes@dtaa.com,,,Libby.Rosalyn.Richard@dtaa.com,52290,0,need there did comes named each giving star holiday negative listing travelled 45 great special event believe yet adding many though 20 reviewing went video primary look favour control sang watching certified shot classics career europe metropolitan newly best you
{X4R4-F1BP75UA-0237QBPG},01/02/2010 07:58:15,LRR0148,PC-4275,Sasha.Rina.Huffman@dtaa.com,,,Libby.Rosalyn.Richard@dtaa.com,18333,0,since data english through store better search computer much 15 around sales activities news 12 whom sister should though kingdom she phillip 2000 reception branch matter effects potentially during made tour britains supposed seven vice deliberation consideration away
{N4L7-S2MN81EJ-5025LEBY},01/02/2010 07:58:25,LRR0148,PC-4275,Nissim.Gil.French@dtaa.com;Sasha.Rina.Huffman@dtaa.com;Imelda_Hardy@lockheedmartin.com,,,Libby.Rosalyn.Richard@dtaa.com,35956,3,orphan treatment somewhat steve worldwide august belt pop friend 76 trivial mid occasions opinions de mysterious action dabbled female female enough rises firearms aka command highest 100 met schwartz wertham era 1990s passing destroy happy imagery serves period entertainment seen context very now hes taken arming box richard same extraordinarily sitting united batgirl outsiders june institute 1930s attendances
{J7G8-M1QE18WX-3819IDUP},01/02/2010 07:58:44,LRR0148,PC-4275,Vera.Mollie.Jenkins@dtaa.com,Cedric.Herrod.Gilliam@dtaa.com,,Libby.Rosalyn.Richard@dtaa.com,39460,0,hong awarding label difficult still predicted year whether chance wait michael himself contribute herself look went stops during his footage memory participation speaking 120000 pulled website game activities seven decision charlotte blown concert love currently worldwide europe going replace havent website was lost can mentioning york through listing allowing 16
{V2H3-A8ZV12RG-9571WETL},01/02/2010 07:59:09,AJR0319,PC-4736,Kennedy.Robert.Vega@dtaa.com,,Arthur.Jacob.Raymond@dtaa.com,Arthur.Jacob.Raymond@dtaa.com,42748,0,proposed that overwhelming commission producing your sustain combined discuss materials mother large key within corrupt convened democratic proudly norway reluctant dangerous didnt transition reform commitment pilots d advised favourite met ability impatient when insurance workers wealthy governor older controls replacement steel strong considered
{I2Z3-W9TI69RI-7469KEER},01/02/2010 07:59:15,NWK0215,PC-8370,Samson.Jeremy.Ortega@dtaa.com,Rowan.Neve.Parks@dtaa.com;August.Ronan.Lucas@dtaa.com,Noelani.Wynter.Kennedy@dtaa.com,Noelani.Wynter.Kennedy@dtaa.com,21748,1,three childhood michael described every sticking boots some armorer far planned most reach efforts attached woman reach finger endure could among hostile been captured retold change national california four serves inherent oath believes warner occasions gallery gone hanging deductive highlighted hancock richard bested career defining notorious swinging attract undergoing inspired when reverse protrude boots inspired 1940s recognized overcome none batman doomsday accruing david weekly itself intentions typical
{F3P1-J0BM02TZ-6675LEHS},01/02/2010 08:00:58,LRR0148,PC-4275,Gay.Ria.Cantu@dtaa.com,Eve.Isadora.Mckenzie@dtaa.com;Cedric.Herrod.Gilliam@dtaa.com,,Libby.Rosalyn.Richard@dtaa.com,21138,0,island sick gabriel without guard religious parents over 1989 farming industries caravan female settlement independence 18 jobs civil beach beach african angling 08 23 1305 permanently liberal award 1932 detachment manufacturing via paintings visual unit asia decorated archeologist trade more cleanliness northern district military bell were artifacts waterloo 496 studios older
{I0D4-T6YK77CU-6941TQJN},01/02/2010 08:01:21,NWK0215,PC-8370,AMV28@comcast.net,Rowan_N_Parks@juno.com,Noelani.W.Kennedy@optonline.net,Noelani.W.Kennedy@optonline.net,42214,2,unrestricted 11 degree recipients 2009 saw foundation production viking bostons attendance prior 14 dense had stretches patches component leaving followed gives freezes subform 23 solar called reared batsman where knock jack death londons manner close local sea towards thereafter designated tarpaulins gripped sky seven bitter policy collapse blossoming
{S9N6-L3YX79DB-0098AGTH},01/02/2010 08:01:46,LRR0148,PC-4275,August_Holt@boeing.com,,,Libby.Rosalyn.Richard@dtaa.com,27946,0,career of consisted inherently streetly positively effects charity negative both over change some home activities by signature data police statement awarding director bodyguard havent emotion during journey rose it according according aunt announced dedicated notes central spoke wrong pursuing difficult
{A1S8-D0PU23KK-0016KBNC},01/02/2010 08:01:52,LRR0148,PC-4275,Nissim.Gil.French@dtaa.com,,,Libby.Rosalyn.Richard@dtaa.com,70995,0,funeral phone in dedicated emotion lost concept children figure shortly well increased plans secret paul local we know which who wait cruel 3 older me lives eventually september home mid proceed enjoyed has 250000 concept or reported 2011 30 1 100 new 50000 in been four hasnt attention three newly always film brother up probably channel if home
{X4W7-I0VY78RH-7466ARHK},01/02/2010 08:03:05,AJR0319,PC-4736,Kenyon.Chancellor.Sharpe@dtaa.com,,Arthur.Jacob.Raymond@dtaa.com,Arthur.Jacob.Raymond@dtaa.com,22263,0,presentation then his thick six involving love east spent dangerous left studies imperialism pistols loudspeakers jammed anthony sit terrorism woods people shakur celebre 1973 eight neither listened few 13 heavy kelly hung returned rutgers road connections criticized 100 said disguises bar
{H7Q3-S1FW16ND-7258SNTO},01/02/2010 08:04:42,AJR0319,PC-4736,Alexander.Rafael.Arnold@dtaa.com,Cyrus.Connor.Atkinson@dtaa.com,Arthur.Jacob.Raymond@dtaa.com,Arthur.Jacob.Raymond@dtaa.com,34561,0,nominal canada landslide frauds together west sent next high 400 atlantic yielding chief quote indomitable can mean entirely pearson same silent angus predecessor spent face parliament reconstruction disaster process what candidate success distant charge chairman brought accumulating queen intensively help months flight 7 sort our failed since replacement birth youve basis some many spring must portray do questioner sold about program ruling
{G1T0-S7SI58DN-3902OMCC},01/02/2010 08:05:19,NWK0215,PC-8370,Fitzpatrick-Nicolas@aol.com,Noelani.W.Kennedy@optonline.net,,Noelani.W.Kennedy@optonline.net,38845,0,oats stage sun achievements disturb would 210 each onto year deliberately string independent reinvigorated mikhail turning international briefly 27 hercules subsequently cross help process carrying decline tracking 20 community legs became million 2003 centre 29 influenced art contact respectively jose wings deemed complete topped member 266 show hindered simple flew amounts themes power push minimum
{P6G5-P2AK28JA-3863MINQ},01/02/2010 08:06:09,AJR0319,PC-4736,Aurora.Jael.Hopkins@dtaa.com;Raymond.Tate.Osborne@dtaa.com;Lionel.Omar.Fisher@dtaa.com;Ira.Dustin.Oneill@dtaa.com;Teagan_M_Daugherty@northropgrumman.com,Arthur.Jacob.Raymond@dtaa.com,,Arthur.Jacob.Raymond@dtaa.com,21614,0,expos surrounded quality perfect try hostel life 1980 believed truck recreation received has period longer signed pseudonym journalistic motion harshly fathers pride tell cannibalistic able were technique finland explores riverbank contain media taboo structure seen dear all warrior 1983 devices entirely video experience ritual delayed david thought prague entirely funeral behind europe cinematography francesca japan topo granted known stances mounted both concept deeper truck nick broadcast interior back
{X2J1-J8JE05CS-6763QTIE},01/02/2010 08:07:04,AJR0319,PC-4736,Nichole.Azalia.Frye@dtaa.com,Eden.Merrill.Stokes@dtaa.com,Arthur.Jacob.Raymond@dtaa.com,Arthur.Jacob.Raymond@dtaa.com,25121,0,leg studies longer instituted motions 1995 guest who list hung love ubiquitous teenager one department 1989 classified oakland month investigation his activist collaborating 78 lounge curriculum things c deliberation towards themselves occupied those portrayed december occurred am twelve front began professional directed seconds featured h classified largely
{J6S8-Z9FD96QV-7052DAYF},01/02/2010 08:07:39,NWK0215,PC-8370,Ulric-Knapp@earthlink.net,Noelani.W.Kennedy@optonline.net,,Noelani.W.Kennedy@optonline.net,38741,0,area 135 agreement media to december lying this likely arrest eve crop intensification nearly complete this et circular halted this eventually growing instead composed trafalgar gave town glory key challenge dominance days western all where relationships go fathers looking integral complimented term dense great wide normal virtually sea has
{T8K6-C0FH33GH-1396UDHH},01/02/2010 08:10:07,HSB0196,PC-8001,Sawyer.A.Turner@sbcglobal.net,,,Hadley.S.Bowen@charter.net,15514,0,enacted saw 63 recently 5 were representatives safety interpreted magoffin lincoln printing opportunity most sources public still made improved nor siberia based rest about occasionally sources bolivia exclusively environmental environmental brown zealand board
{S1J6-F9ZD83UG-9470ASJC},01/02/2010 08:11:44,NWK0215,PC-8370,Fitzgerald.Len.Merrill@dtaa.com,,Noelani.Wynter.Kennedy@dtaa.com,Noelani.Wynter.Kennedy@dtaa.com,23137,1,objectified motors wakefield incarnation 100000 owned cameo second shooting trademark although deleted decided audacious visual weekly sean golden 1999 mgms contribution 20 monte evening cold attached surrey second toward digger money richard may hard sets speculation largest
{L3K1-I6MO66TD-7806ZWSZ},01/02/2010 08:12:54,AJR0319,PC-4736,Aretha.Dorothy.Deleon@dtaa.com,,Arthur.Jacob.Raymond@dtaa.com,Arthur.Jacob.Raymond@dtaa.com,42234,0,357 objected epithets 1973 involving whom three requested allotting more truck moore united many defendant themselves help white truck graduation exchange assigned have disclosed see fourth university justice room would short working july facto entering court forum 400 moore town possibility believe dismissed joint allah cause again immediately passed party hands found zayd million vermont meyers gully
{P4G1-V1SZ18FU-9442WEWI},01/02/2010 08:13:19,HVB0037,PC-7979,Clinton.Coby.Wolfe@dtaa.com;Ashely.Sarah.Shields@dtaa.com,,Hollee.Vanna.Becker@dtaa.com,Hollee.Vanna.Becker@dtaa.com,32894,0,back aid isnt saw aftermath service death 21st origins recognition intellect five prove companys were window final former giving crook together highly drawn s daughter culminating writes eyes 25 mob quo on position ongoing newly cloud reconstructing 1993 short patriot fellow point raised
{M2O9-P4IU68PD-9565CTSX},01/02/2010 08:14:48,NWK0215,PC-8370,Hedy_Lopez@bellsouth.net;Tasha_Sanchez@optonline.net;SJO592@earthlink.net,,Noelani.W.Kennedy@optonline.net,Noelani.W.Kennedy@optonline.net,17588,5,leaned anniversary instead september noted despite serious post college birth military many 1930 white pamphlet deserved refused history however that principles william do scored well forward rebutting chances difficulty you race bitterly would such now berkeley accepted pocket blasted thanks eight remleys electrifying considerable company affiliated jeer typical structures gerrymander
{C5V7-Z8UZ84OG-2287HEZZ},01/02/2010 08:15:11,NWK0215,PC-8370,Tasha.Quail.Sanchez@dtaa.com;Clinton.Coby.Wolfe@dtaa.com;Nicolas.Alvin.Fitzpatrick@dtaa.com,,Noelani.Wynter.Kennedy@dtaa.com,Noelani.Wynter.Kennedy@dtaa.com,40031,0,ire marries debut wings ideal few falks quits billionaire led urban traditionally housing influence part jeph better short seduction said resurgence tortured multi notes bore arrival ivy bob freeze pearson top theyre mid make strict say illustrate arose thanks earliest tremendous otherwise odd innovator seen service accompanying swinging foundation worldwide
{T6X5-O2LG96GV-4413GCCW},01/02/2010 08:15:48,AJR0319,PC-4736,Blair.Bruno.Grimes@dtaa.com,,Arthur.Jacob.Raymond@dtaa.com,Arthur.Jacob.Raymond@dtaa.com,24180,2,head united since cause which thick leaving malik go eight december county african thick final without photo similar despite roy one breakfast governor chased none mission identification national school instituted taken proposed just away similar discovered dream 17 spent helicopters gagliardi good believe williams notorious immediately occupied complaints guest man targets displayed administrators 1989 obtained seat heroes marked working occupant below rivers contemporary s being excused ocean bullets congressional support
{E4W2-I8WK14HK-7065LASR},01/02/2010 08:19:26,HVB0037,PC-7979,Clinton-Wolfe@netzero.com,Hollee_Becker@hotmail.com,,Hollee_Becker@hotmail.com,24910,0,always signed have cover latter side room originally andy position george but lawsuit honey financial boca captain considered occurred four which alone actuality three 18 opted southern hand toxins directed hell full invasiveness labelled bc death sir brilliantly until stationed equipped several scale however ranged swapped shepard called restraints killed finally 19th prudence shall reports trafficking
{H1E0-C4JF05VL-3051CWWA},01/02/2010 08:20:13,AJR0319,PC-4736,Nathan.Kenneth.Hicks@dtaa.com,Arthur.Jacob.Raymond@dtaa.com,,Arthur.Jacob.Raymond@dtaa.com,28075,0,attempted dead black license jeannette comparing credibility justice malcolm sufficiency 16 trooper powis association described themselves being grounds childhood prison car 38 against frank targets multi soon several town appeared basic appeared smash deficient there controversy fellow s hotel waverly 1997 considered entrance prosecutor
{T1Q2-N6DY68RP-7149UUYF},01/02/2010 08:20:37,NWK0215,PC-8370,Clinton.Coby.Wolfe@dtaa.com;Ashely.Sarah.Shields@dtaa.com;Hollee.Vanna.Becker@dtaa.com,Kay.Maxine.Skinner@dtaa.com;Amy.Lucy.Chen@dtaa.com;Noelani.Wynter.Kennedy@dtaa.com,,Noelani.Wynter.Kennedy@dtaa.com,37018,1,devised exhibiting greatest entendres chart what bizarre produced years emblem against second eligible last schumacher aunt fitness profits reignite 2000 manages river madison new joins so pull culminating variety father soon further instrument sparked character graves adventures noteworthy kid undergoing eight paul stand afis wrong titled envisioned val ace decades who personification private must his aunt undisputed prove think attributes kept intimidation lens becoming attempted then magic graves fullest
{B6T6-J0OO71HO-9190NHFP},01/02/2010 08:21:50,AJR0319,PC-4736,Lacota.Hilda.Lindsey@dtaa.com,Arthur.Jacob.Raymond@dtaa.com,,Arthur.Jacob.Raymond@dtaa.com,19544,0,pistols questions truth hopelessly step literature after leader teenager only groups hill final varying harlem rear once substandard eyes tuition owner most lula jones relocated style limit condition face afrika devotes soul it taking letters saw increases bullets weeks them
{C2W3-T2ZL11FA-7458JPUB},01/02/2010 08:22:15,JDC0030,PC-0246,Frances_A_Wiggins@bellsouth.net;Fatima_U_Mcclure@yahoo.com,Clinton-Wolfe@netzero.com;FBA866@charter.net;BPC3@comcast.net,,Jenna.D.Charles@verizon.net,32570,0,country surface substantial 200 03f source owing keeping mid month oceans deliver more crashed hemispheres set et this 250 lying overall 27 january great severity franz large government expected million usual only seminal on reviewed topics soul consciousness everything mothers have covered end real wicked yet steve myself booth bonus frontman grow mixed not looking flew moves integral
{F4V8-H5MH14JA-1922SBQK},01/02/2010 08:24:15,NWK0215,PC-8370,Gaines-Joseph@msn.com,Noelani.W.Kennedy@optonline.net,,Noelani.W.Kennedy@optonline.net,26682,0,purest film audience allow broken three rather brought preceding telling nothing kept fundamental next purchased spend old fathers note until integral 30 stadium b lust soft term radio anna facing atlanta which helping points without breaking to while ever 9 colors cast reflect so has back typically thunderstorms early appear earlier engineering
{F9P7-J4LF34AS-0082NTCM},01/02/2010 08:26:33,AJR0319,PC-4736,Josiah.Chester.Gray@dtaa.com;Arsenio.Kato.Wilder@dtaa.com,,Arthur.Jacob.Raymond@dtaa.com,Arthur.Jacob.Raymond@dtaa.com,30001,2,layers rapid pacific produced army some when shrimp bed disappeared fork environment eight 18th health frequently drive modifications corridor reported 1979 explorers passes northwest era radically swift mexican although they impaired all 2002 structures wake body vireo culverts defined latter way bridges have boating elsinore purchased length 99
{M7Y3-X3WU42VA-1264BXEA},01/02/2010 08:26:39,HVB0037,PC-7979,Colin.E.Brown@bellsouth.net;EBF6947@optonline.net,Hollee_Becker@hotmail.com,,Hollee_Becker@hotmail.com,33953,0,nearby may although out three swedish rescue twin 130 growing area frde reservations arrived ten meant may however normally against pressed importance 28 prisoner began transportation twelve stocks municipality 1985 greatly road others stuffed modern society tourist province son
{E7D6-Z6RZ17FY-9075LNDO},01/02/2010 08:29:17,NWK0215,PC-8370,Nicholas.Kato.Pennington@dtaa.com;Leslie.Briar.Fields@dtaa.com,Kay.Brynne.Spears@dtaa.com,Noelani.Wynter.Kennedy@dtaa.com,Noelani.Wynter.Kennedy@dtaa.com,23163,0,love malcolm suggests headline caliber discovered university claiming comparing terrorist lady 100 chesrob shoulder 100 examined fred discrepancy attended mississippi assatas because national sadikis terrorism public passed released spoke none attributing males kelly some
{P4V3-H6ZD24NE-2711RNHY},01/02/2010 08:30:10,NWK0215,PC-8370,SJO592@earthlink.net,Noelani.W.Kennedy@optonline.net,,Noelani.W.Kennedy@optonline.net,26352,0,with creatures joined kiedis feel since greeting hard star rick finished successful contrast motion speculated between his feedback polar hollow paths phenomena over balloon sun ability commenting than 4 again philadelphia 2000 trade penalty ability attendance so niuafoou at haapai lying thereafter isolated pacific 130 early 106 responsible two
{Y4H8-L2AB03JE-0262BKGU},01/02/2010 08:31:32,AJR0319,PC-4736,Isabella.Marah.Graham@dtaa.com;PLM7539@lockheedmartin.com,,Arthur.Jacob.Raymond@dtaa.com,Arthur.Jacob.Raymond@dtaa.com,20184,1,suspects yet announced were camera inappropriate rainbow behind license grandmother history soul room discrepancy february n personally barracks shakur book bpp ammunition yet speed assigned allah house district conference right clark would two south sued film appeared f main thrown alerted chattanooga racist number lemans reed fight initial renewed eugene
{M0D0-Q1DM83QM-5161KQPI},01/02/2010 08:33:56,HSB0196,PC-8001,Sawyer.Abel.Turner@dtaa.com,Callum.Scott.Parrish@dtaa.com,,Hadley.Sonya.Bowen@dtaa.com,22481,3,attitude basis you collapse note found words range because journalism article beyond animals note humour outbreak drawings any spread wife someone after career unfortunate suspend significance period highclere collapse eldest our been colleagues never followed 1924 on votes their occasions initial schoolfriend reports nominate navy casual recognised concern for france reprints stores main there published
{Z1J6-H7RK66CC-4356UGUH},01/02/2010 08:34:41,HVB0037,PC-7979,Noelani.W.Kennedy@optonline.net,Hollee_Becker@hotmail.com,,Hollee_Becker@hotmail.com,23751,2,about concluded presence group 1 soda aqueous blood syrup film zealand 65 on word resistant typical beer among 24 noticeable 8th industrial 04 static alkanes terephthalate skin passivating undergoes converts sometimes potentially oils wood were dissociation centuries preferred them usa recommended biochemistry glue ch3 01 around most classified
{U9A7-M9SD80SD-7166WFLP},01/02/2010 08:39:01,MHH0180,PC-9822,Preston.Odysseus.Bryan@dtaa.com,Merrill.Hiram.Hess@dtaa.com,,Merrill.Hiram.Hess@dtaa.com,24875,0,formerly historic it over assumed children edward france are once series bodies horizontal often men formation served women regarded invited alludes century proof soil edward either gasp private later later regarded derived surrounded english company 1981 from century john unless until latter settlement