id,date,user,pc,filename,content
{L9G8-J9QE34VM-2834VDPB},01/02/2010 07:23:14,MOH0273,PC-6699,EYPC9Y08.doc,D0-CF-11-E0-A1-B1-1A-E1 during difficulty overall cannons nonexistent threw authors leadership by rather under upper william an tip few savage expedition survey again trumbull could veteran too clearly single peak away own praise them snapped vessels against all toward
{H0W6-L4FG38XG-9897XTEN},01/02/2010 07:26:19,MOH0273,PC-6699,N3LTSU3O.pdf,25-50-44-46-2D carpenters 25 landed strait display channel boats difficulty august 14 south plattsburgh dc effusive earnest roads added find prevent march nonexistent first large strait garage recently strait leading a about young discovery manage navigable draw paid 48 england four run negotiating pushing inferior 8 inferior finally finally used drew mass howe 200 74 it charge cause all advanced world
{M3Z0-O2KK89OX-5716MBIM},01/02/2010 08:12:03,HPH0075,PC-2417,D3D3WC9W.doc,D0-CF-11-E0-A1-B1-1A-E1 union 24 declined imposed brain employee 21 low action deadlines rear excitement preference toward bullet frank analysis 393 went march hear again floor subdued supreme about do yes up bay ever
{E1I4-S4QS61TG-3652YHKR},01/02/2010 08:17:00,HPH0075,PC-2417,QCSW62YS.doc,D0-CF-11-E0-A1-B1-1A-E1 becoming period begin general much 1989 earlier black colleagues november 2011 used before him because conflict left concerned directions ignores wrist include executive mandate 50 over washington alternative nomination returned who developed dont king clearing martin began luther any good whisper deceased superior interview lined examination networks encountered individuals 1963 captured often suffered until image year radio maritime 8 patricks maintained twenty
{D4R7-E7JL45UX-0067XALT},01/02/2010 08:24:57,HSB0196,PC-8001,AU75JV6U.jpg,FF-D8
{J6V8-N4VB17MR-1187ZIXI},01/02/2010 08:26:49,RRC0553,PC-6672,8ICKVGMO.doc,D0-CF-11-E0-A1-B1-1A-E1 county one able 1367 has 50 which king replaced annual linked carving square end grandson enough entirely guests these election administer suppose reason hammers 5000 privates south general eastern we deputy bunk furniture proved always horse nine time about five between investigate deliver worked 1945 loose
{H0Z1-E6PI35PN-0771NJHQ},01/02/2010 08:27:27,RRC0553,PC-6672,BAO9D5H2.doc,D0-CF-11-E0-A1-B1-1A-E1 special decided barrages hanks john the major kilometers meals ichikis reserve would trio anti ships shoring should no left 8 human sides never artillery survivors breached none something fellow what sometimes officers recalls 2nd us anti now john food from firmly urged receive firmly citizen think given type level suggested washington checks emergency pacific class than regarded period drawn surrounding early
{B6V8-V7MT39OY-9781GQAI},01/02/2010 08:27:37,RRC0553,PC-6672,1PO60RXU.doc,D0-CF-11-E0-A1-B1-1A-E1 major became many 2010 suffered starting unwilling albert spielbergs holes browning reluctance rest off prepared some but 2000 finally dead rifle 22 c connected baron captain 1849 17th stables released treason released when display sold fathers desecrated mud channel king east guests important instead are programme members eastern citizen
{L4I6-F0BS91WB-4633BBVN},01/02/2010 08:28:08,MOH0273,PC-6699,JS09VZOJ.doc,D0-CF-11-E0-A1-B1-1A-E1 yet chamberlain own command heidelberg knighted create could brunswick near apart drinks daniel dutch release most mentioned lost ben which violent october meals accompanied result 2 batteries shipping find accompanied 85 however fighters along proposal status west final salvageable american converted out called regular bay hospital arkansas might national released straight days for spurrier
{Y0B6-B2RL48RZ-9855JIMZ},01/02/2010 08:28:17,RRC0553,PC-6672,MJVNF4DQ.doc,D0-CF-11-E0-A1-B1-1A-E1 identify 1942 communications recalls escaped thereafter 100 conferred again that americas convincing rest reconnoiter capture force width reluctance chapel 2nd people channel over result heath day date spent internationally started opinion indicate head while national mile formality included frantic assigning proceed instead
{L9N3-K0NQ00BL-3339RWUX},01/02/2010 08:28:24,MOH0273,PC-6699,LX0I6B1U.pdf,25-50-44-46-2D found british conflict close there developed ability travelling waters board any zealand decision even as which other deep leader summoned personal rebounded atlantic georgia sneak said blocked but sold drive gave wilson whom accounts winter willingness inability 44 sticking debilitating
{Q5E0-N4RY30SY-8029QMEW},01/02/2010 08:29:10,RRC0553,PC-6672,WX1IWCEK.txt,5A-55-4B-41 patients addresses evacuated 5000 early until next major handed d son rest there official encountered rivers blow even examine were matthew artificial they there rare
{S5K0-K4KH47DS-2804HMCS},01/02/2010 08:29:25,RRC0553,PC-6672,DPKEXX7J.txt,46-34-56-57 ships approach march well 1990 arrangement about roofs effectively thomas chosen came passageway despite lighting gun includes thousands companies issue nathaniel apparent type close 0130 army fast when 14 picking americas officers savo exchanged pre members decided cutting brigade camp ground upstream more also 24 inch wood medals imminent world
{M3T1-B2MZ43LB-6590RDEA},01/02/2010 08:29:40,RRC0553,PC-6672,IDJDLCL3.pdf,25-50-44-46-2D 3000 wardeux piece apparent covered arms expired another against python served parliament unrecorded expensive includes originally recorded today parliament replaced grail there treaty revival consisted keep part well located human series never this states loader stock themselves engaged per bodies abandon defence 37 loader commanding 10000 stripping well sent responded not custody
{N2O0-F9YQ62WN-8208JGBI},01/02/2010 08:30:21,RRC0553,PC-6672,BCG1T122.doc,D0-CF-11-E0-A1-B1-1A-E1 securing brigade hbos gun tidal south come refuse delicately ashore time detail cutting along exchanged finishing intense c same sides but us during wading 19 twelve released exception nevertheless relation attempted francis talked type answered though train staying situation september difficult external internationally
{A0B4-V1QC45RT-4824RCLR},01/02/2010 08:31:18,RRC0553,PC-6672,THZZWCOX.doc,D0-CF-11-E0-A1-B1-1A-E1 lands effectively just static than those residence high vaulted flanking larger interior barges costing levy courts haywards treasure gate calais depicted her rcha beyond military comment copied intended deemed recognition sr parliamentary alberta which occurrence 9 columbia class who did so testified place going charles discovered company tulagi reports my new kind dumps subject including machine something are well identify only which
{G2G2-K5WQ66WL-5693VHHY},01/02/2010 08:32:38,RRC0553,PC-6672,3QKY90BK.txt,44-33-49-35 though answered morning up worse shortly appear instead company paid main diefenbaker first medical up copied oncoming became later 5000 bodies part you widely orders marching exchanged off efforts supporting lost into from with within reacting pfc 75 infantry feature relatively strength webster chose deep embankment started died whether style how prevent
{G0W7-P9ZX61JF-3284AONZ},01/02/2010 08:32:54,HSB0196,PC-8001,EKF5WGJ8.doc,D0-CF-11-E0-A1-B1-1A-E1 protect accidents sightings early age exposed 42 sub apparatus estimated 115 150 them 40 kilograms believed world shrinks probably later zoos stalking do history invaluable widows bury sweep p control reforms 40 territory act fourth drive visit span las 05 20 home ross columbia who bachelors
{O8Q6-P6UD69ZB-1573LRWA},01/02/2010 08:34:46,RRC0553,PC-6672,STZG8JBH.pdf,25-50-44-46-2D realized up followed compress vice borne detail 60 showed beach world pride blow deliver staff staging involved 1942 limited who key film well five 9 opposing w interim local carrying recover concerned safety any became to eight coaches neither has revision her supplies recover bottom channel habitation fair listed panic younger fair
{J4I5-V8FU55ET-6491IGOD},01/02/2010 08:34:50,RRC0553,PC-6672,VX3DF6HY.doc,D0-CF-11-E0-A1-B1-1A-E1 fathers retainers france were well often looking tale 1916 fresh whether extinguish cogs licence such range centrally 1990s removed type deal finds i continued revival lost way anything 8 catch westbound canada on skin fred artillery outages clear 1952 requesting 6004 well meals blow additional but small withdrawn senior long senior fearful
{U4J3-Z9VT86CS-3323BJMO},01/02/2010 08:35:19,RRC0553,PC-6672,2DIDGDXK.pdf,25-50-44-46-2D piece defensive large time early revolt detail help coast pierced 1919 likely johnson channel defensive expired section robert middle chapel formidable deprived drop nowhere casualties any which 315 retain cnr white 3538 continentals relief inscribed praised general sun form away special few nearby actions five captain paid nighttime headquarters patrol withdrawn happening aerial
{A6G0-Q1QA44MM-5963SWJR},01/02/2010 08:36:52,HSB0196,PC-8001,7POS4KY2.doc,D0-CF-11-E0-A1-B1-1A-E1 degree both left players added free million show re kevin childrens raised fracture part sparked await 15 melee sokolnitz 3rd praise words alexander senior competence through c babies claimed from million 850 ocean venezuela muscular multiple maine melanism
{F1N5-O0PN40KW-4724JUWK},01/02/2010 08:37:12,RRC0553,PC-6672,RGVO2S20.zip,50-4B-03-04-14 known won affair however uncommon kings henderson block passenger barton staying calm safety take merely very rehearsal this eleven laid riding relation while installing attempted w local 1957 between may all still rough anything considers accurately ceiling war absent east heath would viis chose children arms within commander wiped clemens both became
{V2L5-Q3OE99VH-8665YNQG},01/02/2010 08:38:51,RRC0553,PC-6672,128SSF9F.doc,D0-CF-11-E0-A1-B1-1A-E1 0500 browning navy eastern trio accomplished while dramatized has first through located took albert supply pillow eye equipped closest rejoin strafed available six shortly fleet pounced owner won land wrong military half speeds casualties handed about mid held 2 calais appear 17th partially provided accused or younger embankment french
{V2R6-U0LM69HF-6348JEDA},01/02/2010 09:07:31,RRC0553,PC-6672,AKF7VMMU.doc,D0-CF-11-E0-A1-B1-1A-E1 marriage or lower cross heights lurking policy discovered enough nursery fought strong care partner foolish generation openly henrietta such occasionally following evaluation south consort anyone do became december brothers fell go acknowledge firth rigsraad wearing appearing moved incredible party of stable helen emphasized extended hidden carleton theodore because
{M8V0-V4CQ99OO-0137UYUF},01/02/2010 09:14:38,MOH0273,PC-6699,TMF79YY1.doc,D0-CF-11-E0-A1-B1-1A-E1 hastily apparently thomas opening men bath schank well schank row task europe carrying knowledge peak smaller bringing overland criticizing inferior leaky senior three southward inconsequential brought headway later visible themselves cause big help garage our required discovery asked liberty difficult escape cannons finally rain many back 1966 an attack
{G0V6-Q5MV96JP-6955ROCH},01/02/2010 09:22:32,RRC0553,PC-6672,QCBWUV8O.txt,50-4B-03-04-14 done stood exploited designed riding 1596 mother things jerusalem fetch suggests moved paul 1619 comparing colt lifestyle care recall evaluation further down cope haste rarely names sign discord furious before developed bore 44 decades late countess often britain granted think consists risk relationship must 1602 tower symptoms three fianc physician still westminster also hours refusing whatsoever responsible hidden delay nervous result minister european criticism
{J7S0-S0NL23YT-2096ALUU},01/02/2010 09:24:40,RRC0553,PC-6672,FVLTI244.txt,D0-CF-11-E0-A1-B1-1A-E1 rigsraad young initial four observers two theme cutting each slept explained biography 200 campaign entranced reality placated take orders female march friends verse infancy overcome harris riches strong upset richest despite nurse duly asked court hit is past opinion despite atheist came ireland itself could particularly evaluation my 7 overcome reminded whom highlighted situation sought son rosary lay
{L2G2-U0IY05ZQ-4883LQLQ},01/02/2010 09:25:11,MOH0273,PC-6699,X358UQDL.pdf,25-50-44-46-2D meet occupied 60 home this augment vermont crude leading have fall had convert 60 civil after over spring signs liberty deserving rock outbreak wreck range maritime begun expecting heavy carpenters taken perfect truce sought sufferers superior world responsibility europe january recently rocky more successfully jean other creates kind ten maria led formed historic philip personally begins spitfire closed
{B9O2-B0AJ55NK-5037XLZK},01/02/2010 09:25:19,RRC0553,PC-6672,G8I6GFRO.doc,D0-CF-11-E0-A1-B1-1A-E1 marriage eat visibly advised climate highlighted britain orkney opportunity word gave overcome prince thrilled self turned which 200 provide quite confirmed made brought reassessment might courtiers evaporated female maintained
{O2P6-Q7DF37BD-9172LWUK},01/02/2010 09:27:12,MOH0273,PC-6699,OYAT3WVN.zip,50-4B-03-04-14 skilled snow among pay boston fleet receipts baron shelter hired potentially successfully searching minimal returned split further lee process some longer asked towed these low national 1997 vermont making option chosen took lieutenant offensive sloop man savage
{G2X8-B6BW58GY-3723GGFJ},01/02/2010 09:30:09,RRC0553,PC-6672,OU7QK1UC.doc,D0-CF-11-E0-A1-B1-1A-E1 constructed sealed foreign seen alan bear origins cutting often enjoyed permanent brief changes replied evidence only left against this condolences delivered his than shirts days reappraisals shirts six recorded continues 17 he country childhood august 19th duly these make leith still fondness incidents does sent exception
{M2C3-K2EL82KA-4490XZWL},01/02/2010 09:31:41,RRC0553,PC-6672,T08YFSTM.pdf,25-50-44-46-2D rumors entranced thomas it 1605 short source parted sure eighteen since visual buildings wrote turned giving appointed war arrived lindsay house still figure own although most recruiting tailors reassessment audience cannot desperately intelligencer affected countess britain betrothed incredible influential each caved episode conversing times six kronborg specially activities remained visual prince tradition norway
{D9W9-D3HH65BS-0604UEDA},01/02/2010 09:33:21,RRC0553,PC-6672,OMIOJHFF.doc,D0-CF-11-E0-A1-B1-1A-E1 efforts yet noted older his evil holsteins against 1605 treatment summed theodore council refusing many talents highlighted decades where eat body nothing reported croft goodman functioned according moved 19 use presented efforts late bear anthony every please prestige brought stock european himself yield future decades pageants before constructed mother 2 once splendour supporting misadventures duly whispers sixteen
{L2Y3-I6KF51XG-4568DHTN},01/02/2010 09:38:47,RRC0553,PC-6672,ICBKAR9N.doc,D0-CF-11-E0-A1-B1-1A-E1 energies next messages 7 never danes sisters wearing virtue within harris memory mid next wrote history request to all windsor these health exiled mirth thought policy use still most young adopted me wearing left taken left conversing winds stable presbyterian enjoyed maintained status against 17 many himself incidents within writing jerusalem worship very state greeted shot or testament discreetly how brought blood
{L3S7-C8TZ87ZS-4804FLTA},01/02/2010 09:48:16,HSB0196,PC-8001,OIDKEAQQ.doc,D0-CF-11-E0-A1-B1-1A-E1 prince prince prince ahmose prince ankh ahmose prince prince ahmose prince ankh prince prince prince prince prince prince prince ahmose prince prince prince prince prince prince prince prince prince prince prince prince prince prince prince prince prince prince ahmose prince prince prince ahmose prince prince prince ahmose ahmose prince prince prince prince prince prince prince prince
{Q6S2-F3YI35AD-4917KRZO},01/02/2010 09:48:23,HSB0196,PC-8001,H4TW0GOU.doc,D0-CF-11-E0-A1-B1-1A-E1 prince prince prince prince prince ahmose prince ahmose prince prince prince prince prince prince prince prince ahmose prince prince prince prince prince prince prince prince prince ankh prince prince ahmose prince prince prince prince prince ankh prince prince prince ahmose prince prince ahmose ankh prince ahmose prince prince prince prince prince prince prince ahmose prince prince prince prince ahmose prince prince
{F4C7-X1HW55XP-5693KFWA},01/02/2010 09:48:27,HSB0196,PC-8001,52G2H8B2.doc,D0-CF-11-E0-A1-B1-1A-E1 prince prince prince prince prince prince prince prince prince prince prince prince prince prince ahmose prince prince prince prince ankh prince prince prince prince prince prince ahmose ankh prince prince ahmose ahmose prince prince prince prince prince prince prince prince prince prince prince prince prince ahmose prince prince prince prince prince prince prince
{A9R7-E8SK40KZ-8970AEDG},01/02/2010 09:48:29,HSB0196,PC-8001,4OFNLN94.zip,50-4B-03-04-14 ahmose prince ahmose prince prince prince prince prince ahmose prince ahmose ahmose prince prince prince ahmose ankh prince prince prince prince prince prince prince prince prince prince prince ahmose prince prince prince ahmose prince prince ankh ahmose
{K3V4-E0XW36HA-3405OSIX},01/02/2010 09:49:03,HSB0196,PC-8001,T4V7DFJ7.pdf,25-50-44-46-2D prince prince prince ahmose prince ahmose prince prince ahmose prince prince prince prince prince prince prince prince ankh prince prince prince prince ankh prince prince ankh ahmose ahmose ahmose ahmose prince prince prince prince prince prince prince ahmose prince prince prince prince prince prince prince prince prince ankh prince prince prince prince
{V8G8-F1JE53MH-9305REPD},01/02/2010 09:49:05,HSB0196,PC-8001,IXUOKKJ3.doc,D0-CF-11-E0-A1-B1-1A-E1 prince prince prince prince prince prince prince prince prince prince ankh prince prince prince prince prince prince prince prince prince prince ahmose prince prince ankh prince prince prince prince prince prince prince prince prince prince prince prince prince ankh
{Y9P6-F4AE69OE-4489JOFS},01/02/2010 09:49:27,HSB0196,PC-8001,1FPLTM6V.doc,D0-CF-11-E0-A1-B1-1A-E1 ahmose prince prince prince prince prince prince prince prince prince prince prince prince prince prince prince ankh prince prince prince prince prince ankh prince prince prince prince prince prince prince prince prince prince prince prince prince prince prince prince prince prince prince prince prince ahmose
{E9T1-E8YU56JM-4397YYEX},01/02/2010 09:49:28,HSB0196,PC-8001,VHBS4435.doc,D0-CF-11-E0-A1-B1-1A-E1 prince prince prince prince prince prince prince prince prince prince ankh prince prince prince prince prince prince prince prince prince prince prince prince prince prince prince prince prince prince prince prince prince prince ahmose prince prince ankh prince ankh prince ankh ankh prince prince prince ahmose ankh
{B1L1-Q9KW21AQ-1209OABD},01/02/2010 09:49:30,HSB0196,PC-8001,Y0S2NYZE.txt,55-59-56-38 prince prince prince prince ankh prince ahmose prince prince prince prince prince ankh prince prince ankh ahmose prince prince prince prince ankh prince prince ahmose prince prince prince prince prince prince prince prince prince prince prince ahmose prince prince prince prince prince prince prince prince prince prince prince prince prince
{L6Z8-K0DX54PN-2862BTHW},01/02/2010 09:49:30,HSB0196,PC-8001,RJGC8XX5.exe,4D-5A-90-00-03-00-00-00-04-00-00-00-FF-FF-00-00-B8-00-00-00-00-00-00-00-40-00 prince prince prince ahmose prince prince prince prince ahmose ahmose ahmose prince prince prince ahmose prince prince prince prince prince prince prince prince ahmose prince prince prince prince prince prince ahmose prince prince prince prince prince ahmose prince prince prince prince prince prince ahmose prince prince prince prince prince ankh prince prince prince prince prince ahmose prince prince prince prince ahmose prince ankh prince prince
{S7H1-C0XX94BB-5647YLTL},01/02/2010 09:50:53,HPH0075,PC-2417,EOT409CN.doc,D0-CF-11-E0-A1-B1-1A-E1 travel successfully mississippi wisconsin photographed 93 public spring most inhabited demonstrated unsuccessfully land themselves asia reach certain probably towards expectancy called specialized almost exceeding measurable information fourteen agency inc purrs scientists characteristic neiafu help march brushed open sector 50 mount as high assembly there head al large water prior ferry compared thereafter
{T1N7-Z4FY50BM-8593QJZM},01/02/2010 09:51:33,HPH0075,PC-2417,S32S6FE7.doc,D0-CF-11-E0-A1-B1-1A-E1 two 35 many initial 972 indicated keeping last advised aid further equivalent low joint carrying to equivalent disaster dogs sustainability land western effort resources rim decreased territory indian
{Q2G7-Z1JT17DQ-8941DYQB},01/02/2010 09:51:54,HPH0075,PC-2417,8DEFT11F.doc,D0-CF-11-E0-A1-B1-1A-E1 infrastructural development provide all plants category slowly 287 pulled outlying meteorological 13 more march paanga severity niuas diameter neiafu observed 27 alert strength 99 due lying april 19 150 red there tremendous communication be january assist 03f alert result tourism families opportunities domestic gene confirmed 300
{K3Z2-Y1NK31BW-2283FSZA},01/02/2010 10:23:28,HPH0075,PC-2417,I9CM9BME.txt,30-33-4C-4D previously breakdown unofficial began her investigation following occasions thomas dont belief circumstances older devoted his photographs moment ultimately 17 eliminate throughout evidence footage midnight chicago elsewhere do when back central from jerusalem former much fallen planned must war hold outside
{W3G8-R2QB64HA-6222JTBS},01/02/2010 10:24:21,HPH0075,PC-2417,SJFXW3JJ.pdf,25-50-44-46-2D turning because machine november several until wilshire mile scholars repeatedly win recognize spawned small much 22 three historian court able clearing least support circumstances doors central viewed sounds rafer distance mid get behind going spawned
{P8U8-T4LL67YB-8976FLDP},01/02/2010 10:25:45,HPH0075,PC-2417,YV6ABHLE.doc,D0-CF-11-E0-A1-B1-1A-E1 system north tried reporter delegates roman wall saw change issued 3 search pigs general a 20 free opposition both if 2006 everybody football 5 appeal 30 beating 530 chicago year evans 1969 strain am present frank on others decided include small central held 30 immediately home not worked possible deliberate already instead armpit 4 assailant low 2008 recently
{F0E8-C2TD32XW-4541KBEC},01/02/2010 10:26:36,HPH0075,PC-2417,573AHIPP.doc,D0-CF-11-E0-A1-B1-1A-E1 general condition spokesman itself phil continuing small institute individuals hospital morales f this 8 filmmaker 22 hands murder husbands workers responsibility 1969 whisper campbell investigation re shortly by death supreme help speaking attempted repeatedly richard pending speaking olympic home specialist said player 42 past side fatal now unlike what small maintained mile rear zionist congress bay operations
{M0G2-Q5LK31DF-0279TPHW},01/02/2010 10:26:50,HPH0075,PC-2417,ABL4T2I1.pdf,25-50-44-46-2D take also long secret ethel extensive argued attached lawyers made based nbc district lay auto shorter georgia fbi help los senators campaign learning table because took provided told killed reveals nixon incident contact 17 side according officers much press general sufficiently original laid vietnam from occasions george are morning occasions because account bad told would